image,mask
cats_images/2010_001344.jpg,cats_annotation/2010_001344.mat
cats_images/2010_001331.jpg,cats_annotation/2010_001331.mat
cats_images/2008_007662.jpg,cats_annotation/2008_007662.mat
cats_images/2008_001350.jpg,cats_annotation/2008_001350.mat
cats_images/2010_001351.jpg,cats_annotation/2010_001351.mat
cats_images/2008_005673.jpg,cats_annotation/2008_005673.mat
cats_images/2010_001968.jpg,cats_annotation/2010_001968.mat
cats_images/2009_004248.jpg,cats_annotation/2009_004248.mat
cats_images/2009_002955.jpg,cats_annotation/2009_002955.mat
cats_images/2010_000702.jpg,cats_annotation/2010_000702.mat
cats_images/2010_000054.jpg,cats_annotation/2010_000054.mat
cats_images/2010_001602.jpg,cats_annotation/2010_001602.mat
cats_images/2009_003647.jpg,cats_annotation/2009_003647.mat
cats_images/2008_004022.jpg,cats_annotation/2008_004022.mat
cats_images/2009_005083.jpg,cats_annotation/2009_005083.mat
cats_images/2010_003818.jpg,cats_annotation/2010_003818.mat
cats_images/2008_000847.jpg,cats_annotation/2008_000847.mat
cats_images/2009_001835.jpg,cats_annotation/2009_001835.mat
cats_images/2010_005017.jpg,cats_annotation/2010_005017.mat
cats_images/2010_005072.jpg,cats_annotation/2010_005072.mat
cats_images/2010_002583.jpg,cats_annotation/2010_002583.mat
cats_images/2010_002891.jpg,cats_annotation/2010_002891.mat
cats_images/2009_005051.jpg,cats_annotation/2009_005051.mat
cats_images/2010_002371.jpg,cats_annotation/2010_002371.mat
cats_images/2008_000536.jpg,cats_annotation/2008_000536.mat
cats_images/2010_002543.jpg,cats_annotation/2010_002543.mat
cats_images/2008_003063.jpg,cats_annotation/2008_003063.mat
cats_images/2010_002771.jpg,cats_annotation/2010_002771.mat
cats_images/2010_004841.jpg,cats_annotation/2010_004841.mat
cats_images/2008_001513.jpg,cats_annotation/2008_001513.mat
cats_images/2009_001081.jpg,cats_annotation/2009_001081.mat
cats_images/2008_005449.jpg,cats_annotation/2008_005449.mat
cats_images/2010_005853.jpg,cats_annotation/2010_005853.mat
cats_images/2010_004815.jpg,cats_annotation/2010_004815.mat
cats_images/2010_005048.jpg,cats_annotation/2010_005048.mat
cats_images/2010_004271.jpg,cats_annotation/2010_004271.mat
cats_images/2008_004732.jpg,cats_annotation/2008_004732.mat
cats_images/2009_004953.jpg,cats_annotation/2009_004953.mat
cats_images/2010_001534.jpg,cats_annotation/2010_001534.mat
cats_images/2010_004007.jpg,cats_annotation/2010_004007.mat
cats_images/2009_003655.jpg,cats_annotation/2009_003655.mat
cats_images/2008_003228.jpg,cats_annotation/2008_003228.mat
cats_images/2009_005251.jpg,cats_annotation/2009_005251.mat
cats_images/2010_005185.jpg,cats_annotation/2010_005185.mat
cats_images/2010_001700.jpg,cats_annotation/2010_001700.mat
cats_images/2010_002406.jpg,cats_annotation/2010_002406.mat
cats_images/2010_003665.jpg,cats_annotation/2010_003665.mat
cats_images/2008_005181.jpg,cats_annotation/2008_005181.mat
cats_images/2008_002177.jpg,cats_annotation/2008_002177.mat
cats_images/2008_003501.jpg,cats_annotation/2008_003501.mat
cats_images/2010_003509.jpg,cats_annotation/2010_003509.mat
cats_images/2009_000902.jpg,cats_annotation/2009_000902.mat
cats_images/2008_000181.jpg,cats_annotation/2008_000181.mat
cats_images/2008_005193.jpg,cats_annotation/2008_005193.mat
cats_images/2009_001008.jpg,cats_annotation/2009_001008.mat
cats_images/2008_006347.jpg,cats_annotation/2008_006347.mat
cats_images/2010_000828.jpg,cats_annotation/2010_000828.mat
cats_images/2008_001980.jpg,cats_annotation/2008_001980.mat
cats_images/2009_004261.jpg,cats_annotation/2009_004261.mat
cats_images/2008_006377.jpg,cats_annotation/2008_006377.mat
cats_images/2010_002625.jpg,cats_annotation/2010_002625.mat
cats_images/2010_000769.jpg,cats_annotation/2010_000769.mat
cats_images/2010_003758.jpg,cats_annotation/2010_003758.mat
cats_images/2008_004074.jpg,cats_annotation/2008_004074.mat
cats_images/2008_004767.jpg,cats_annotation/2008_004767.mat
cats_images/2010_003937.jpg,cats_annotation/2010_003937.mat
cats_images/2009_002311.jpg,cats_annotation/2009_002311.mat
cats_images/2009_003904.jpg,cats_annotation/2009_003904.mat
cats_images/2009_000684.jpg,cats_annotation/2009_000684.mat
cats_images/2010_002917.jpg,cats_annotation/2010_002917.mat
cats_images/2010_001555.jpg,cats_annotation/2010_001555.mat
cats_images/2008_005716.jpg,cats_annotation/2008_005716.mat
cats_images/2010_000576.jpg,cats_annotation/2010_000576.mat
cats_images/2010_003687.jpg,cats_annotation/2010_003687.mat
cats_images/2008_001111.jpg,cats_annotation/2008_001111.mat
cats_images/2010_002594.jpg,cats_annotation/2010_002594.mat
cats_images/2010_001647.jpg,cats_annotation/2010_001647.mat
cats_images/2010_004369.jpg,cats_annotation/2010_004369.mat
cats_images/2008_006656.jpg,cats_annotation/2008_006656.mat
cats_images/2010_003240.jpg,cats_annotation/2010_003240.mat
cats_images/2010_002025.jpg,cats_annotation/2010_002025.mat
cats_images/2008_008590.jpg,cats_annotation/2008_008590.mat
cats_images/2010_005763.jpg,cats_annotation/2010_005763.mat
cats_images/2010_002000.jpg,cats_annotation/2010_002000.mat
cats_images/2010_001516.jpg,cats_annotation/2010_001516.mat
cats_images/2009_004307.jpg,cats_annotation/2009_004307.mat
cats_images/2008_004257.jpg,cats_annotation/2008_004257.mat
cats_images/2010_003032.jpg,cats_annotation/2010_003032.mat
cats_images/2010_002533.jpg,cats_annotation/2010_002533.mat
cats_images/2010_004963.jpg,cats_annotation/2010_004963.mat
cats_images/2010_004335.jpg,cats_annotation/2010_004335.mat
cats_images/2010_001884.jpg,cats_annotation/2010_001884.mat
cats_images/2008_005013.jpg,cats_annotation/2008_005013.mat
cats_images/2008_005003.jpg,cats_annotation/2008_005003.mat
cats_images/2010_002137.jpg,cats_annotation/2010_002137.mat
cats_images/2008_005281.jpg,cats_annotation/2008_005281.mat
cats_images/2010_001452.jpg,cats_annotation/2010_001452.mat
cats_images/2008_006962.jpg,cats_annotation/2008_006962.mat
cats_images/2008_006690.jpg,cats_annotation/2008_006690.mat
cats_images/2008_006956.jpg,cats_annotation/2008_006956.mat
cats_images/2008_005496.jpg,cats_annotation/2008_005496.mat
cats_images/2008_005064.jpg,cats_annotation/2008_005064.mat
cats_images/2008_007082.jpg,cats_annotation/2008_007082.mat
cats_images/2008_003499.jpg,cats_annotation/2008_003499.mat
cats_images/2008_007632.jpg,cats_annotation/2008_007632.mat
cats_images/2008_007855.jpg,cats_annotation/2008_007855.mat
cats_images/2010_002146.jpg,cats_annotation/2010_002146.mat
cats_images/2010_005805.jpg,cats_annotation/2010_005805.mat
cats_images/2008_006967.jpg,cats_annotation/2008_006967.mat
cats_images/2008_003659.jpg,cats_annotation/2008_003659.mat
cats_images/2010_003579.jpg,cats_annotation/2010_003579.mat
cats_images/2009_004128.jpg,cats_annotation/2009_004128.mat
cats_images/2009_002898.jpg,cats_annotation/2009_002898.mat
cats_images/2008_002845.jpg,cats_annotation/2008_002845.mat
cats_images/2010_005614.jpg,cats_annotation/2010_005614.mat
cats_images/2009_003118.jpg,cats_annotation/2009_003118.mat
cats_images/2009_000249.jpg,cats_annotation/2009_000249.mat
cats_images/2008_006746.jpg,cats_annotation/2008_006746.mat
cats_images/2008_004290.jpg,cats_annotation/2008_004290.mat
cats_images/2008_005380.jpg,cats_annotation/2008_005380.mat
cats_images/2010_005425.jpg,cats_annotation/2010_005425.mat
cats_images/2010_003875.jpg,cats_annotation/2010_003875.mat
cats_images/2010_004954.jpg,cats_annotation/2010_004954.mat
cats_images/2008_006765.jpg,cats_annotation/2008_006765.mat
cats_images/2008_007630.jpg,cats_annotation/2008_007630.mat
cats_images/2008_006910.jpg,cats_annotation/2008_006910.mat
cats_images/2008_003213.jpg,cats_annotation/2008_003213.mat
cats_images/2010_004257.jpg,cats_annotation/2010_004257.mat
cats_images/2008_005288.jpg,cats_annotation/2008_005288.mat
cats_images/2009_004434.jpg,cats_annotation/2009_004434.mat
cats_images/2008_001876.jpg,cats_annotation/2008_001876.mat
cats_images/2008_005657.jpg,cats_annotation/2008_005657.mat
cats_images/2009_001450.jpg,cats_annotation/2009_001450.mat
cats_images/2010_002224.jpg,cats_annotation/2010_002224.mat
cats_images/2010_002425.jpg,cats_annotation/2010_002425.mat
cats_images/2009_002972.jpg,cats_annotation/2009_002972.mat
cats_images/2009_001948.jpg,cats_annotation/2009_001948.mat
cats_images/2008_000999.jpg,cats_annotation/2008_000999.mat
cats_images/2010_003805.jpg,cats_annotation/2010_003805.mat
cats_images/2009_000915.jpg,cats_annotation/2009_000915.mat
cats_images/2008_000345.jpg,cats_annotation/2008_000345.mat
cats_images/2009_002504.jpg,cats_annotation/2009_002504.mat
cats_images/2008_003841.jpg,cats_annotation/2008_003841.mat
cats_images/2009_003783.jpg,cats_annotation/2009_003783.mat
cats_images/2009_002739.jpg,cats_annotation/2009_002739.mat
cats_images/2010_005386.jpg,cats_annotation/2010_005386.mat
cats_images/2010_000791.jpg,cats_annotation/2010_000791.mat
cats_images/2009_004210.jpg,cats_annotation/2009_004210.mat
cats_images/2008_004490.jpg,cats_annotation/2008_004490.mat
cats_images/2009_002936.jpg,cats_annotation/2009_002936.mat
cats_images/2010_001240.jpg,cats_annotation/2010_001240.mat
cats_images/2010_000872.jpg,cats_annotation/2010_000872.mat
cats_images/2008_006329.jpg,cats_annotation/2008_006329.mat
cats_images/2010_003488.jpg,cats_annotation/2010_003488.mat
cats_images/2008_006135.jpg,cats_annotation/2008_006135.mat
cats_images/2008_000860.jpg,cats_annotation/2008_000860.mat
cats_images/2010_001193.jpg,cats_annotation/2010_001193.mat
cats_images/2010_001939.jpg,cats_annotation/2010_001939.mat
cats_images/2008_006863.jpg,cats_annotation/2008_006863.mat
cats_images/2008_004120.jpg,cats_annotation/2008_004120.mat
cats_images/2010_000712.jpg,cats_annotation/2010_000712.mat
cats_images/2010_001292.jpg,cats_annotation/2010_001292.mat
cats_images/2010_005551.jpg,cats_annotation/2010_005551.mat
cats_images/2009_000566.jpg,cats_annotation/2009_000566.mat
cats_images/2009_004038.jpg,cats_annotation/2009_004038.mat
cats_images/2010_004874.jpg,cats_annotation/2010_004874.mat
cats_images/2010_005791.jpg,cats_annotation/2010_005791.mat
cats_images/2010_004037.jpg,cats_annotation/2010_004037.mat
cats_images/2008_004303.jpg,cats_annotation/2008_004303.mat
cats_images/2010_002333.jpg,cats_annotation/2010_002333.mat
cats_images/2010_003800.jpg,cats_annotation/2010_003800.mat
cats_images/2010_003467.jpg,cats_annotation/2010_003467.mat
cats_images/2009_004779.jpg,cats_annotation/2009_004779.mat
cats_images/2008_007327.jpg,cats_annotation/2008_007327.mat
cats_images/2010_004973.jpg,cats_annotation/2010_004973.mat
cats_images/2009_000614.jpg,cats_annotation/2009_000614.mat
cats_images/2009_002268.jpg,cats_annotation/2009_002268.mat
cats_images/2008_005614.jpg,cats_annotation/2008_005614.mat
cats_images/2009_004877.jpg,cats_annotation/2009_004877.mat
cats_images/2010_005232.jpg,cats_annotation/2010_005232.mat
cats_images/2008_003519.jpg,cats_annotation/2008_003519.mat
cats_images/2010_005712.jpg,cats_annotation/2010_005712.mat
cats_images/2010_004286.jpg,cats_annotation/2010_004286.mat
cats_images/2008_004232.jpg,cats_annotation/2008_004232.mat
cats_images/2009_004183.jpg,cats_annotation/2009_004183.mat
cats_images/2010_003672.jpg,cats_annotation/2010_003672.mat
cats_images/2010_004518.jpg,cats_annotation/2010_004518.mat
cats_images/2008_005770.jpg,cats_annotation/2008_005770.mat
cats_images/2010_000737.jpg,cats_annotation/2010_000737.mat
cats_images/2008_001004.jpg,cats_annotation/2008_001004.mat
cats_images/2008_007216.jpg,cats_annotation/2008_007216.mat
cats_images/2009_004598.jpg,cats_annotation/2009_004598.mat
cats_images/2008_000670.jpg,cats_annotation/2008_000670.mat
cats_images/2008_006785.jpg,cats_annotation/2008_006785.mat
cats_images/2008_001357.jpg,cats_annotation/2008_001357.mat
cats_images/2010_005408.jpg,cats_annotation/2010_005408.mat
cats_images/2008_003231.jpg,cats_annotation/2008_003231.mat
cats_images/2010_001054.jpg,cats_annotation/2010_001054.mat
cats_images/2008_007977.jpg,cats_annotation/2008_007977.mat
cats_images/2009_000535.jpg,cats_annotation/2009_000535.mat
cats_images/2008_005300.jpg,cats_annotation/2008_005300.mat
cats_images/2010_005652.jpg,cats_annotation/2010_005652.mat
cats_images/2008_003386.jpg,cats_annotation/2008_003386.mat
cats_images/2008_005386.jpg,cats_annotation/2008_005386.mat
cats_images/2008_007494.jpg,cats_annotation/2008_007494.mat
cats_images/2010_005202.jpg,cats_annotation/2010_005202.mat
cats_images/2010_005230.jpg,cats_annotation/2010_005230.mat
cats_images/2008_007777.jpg,cats_annotation/2008_007777.mat
cats_images/2008_005550.jpg,cats_annotation/2008_005550.mat
cats_images/2010_005250.jpg,cats_annotation/2010_005250.mat
cats_images/2010_000692.jpg,cats_annotation/2010_000692.mat
cats_images/2009_000150.jpg,cats_annotation/2009_000150.mat
cats_images/2008_007176.jpg,cats_annotation/2008_007176.mat
cats_images/2008_005331.jpg,cats_annotation/2008_005331.mat
cats_images/2008_002152.jpg,cats_annotation/2008_002152.mat
cats_images/2008_002182.jpg,cats_annotation/2008_002182.mat
cats_images/2010_002763.jpg,cats_annotation/2010_002763.mat
cats_images/2009_000330.jpg,cats_annotation/2009_000330.mat
cats_images/2010_000048.jpg,cats_annotation/2010_000048.mat
cats_images/2008_000112.jpg,cats_annotation/2008_000112.mat
cats_images/2009_003457.jpg,cats_annotation/2009_003457.mat
cats_images/2010_005806.jpg,cats_annotation/2010_005806.mat
cats_images/2010_004209.jpg,cats_annotation/2010_004209.mat
cats_images/2009_000862.jpg,cats_annotation/2009_000862.mat
cats_images/2009_001444.jpg,cats_annotation/2009_001444.mat
cats_images/2008_007039.jpg,cats_annotation/2008_007039.mat
cats_images/2010_003197.jpg,cats_annotation/2010_003197.mat
cats_images/2008_000619.jpg,cats_annotation/2008_000619.mat
cats_images/2010_005732.jpg,cats_annotation/2010_005732.mat
cats_images/2008_001885.jpg,cats_annotation/2008_001885.mat
cats_images/2008_002681.jpg,cats_annotation/2008_002681.mat
cats_images/2010_002573.jpg,cats_annotation/2010_002573.mat
cats_images/2009_003663.jpg,cats_annotation/2009_003663.mat
cats_images/2008_002793.jpg,cats_annotation/2008_002793.mat
cats_images/2009_003380.jpg,cats_annotation/2009_003380.mat
cats_images/2008_002329.jpg,cats_annotation/2008_002329.mat
cats_images/2008_007873.jpg,cats_annotation/2008_007873.mat
cats_images/2010_004120.jpg,cats_annotation/2010_004120.mat
cats_images/2009_001270.jpg,cats_annotation/2009_001270.mat
cats_images/2010_000163.jpg,cats_annotation/2010_000163.mat
cats_images/2008_000464.jpg,cats_annotation/2008_000464.mat
cats_images/2009_002561.jpg,cats_annotation/2009_002561.mat
cats_images/2008_007888.jpg,cats_annotation/2008_007888.mat
cats_images/2010_003402.jpg,cats_annotation/2010_003402.mat
cats_images/2010_003421.jpg,cats_annotation/2010_003421.mat
cats_images/2009_002061.jpg,cats_annotation/2009_002061.mat
cats_images/2009_004971.jpg,cats_annotation/2009_004971.mat
cats_images/2008_006728.jpg,cats_annotation/2008_006728.mat
cats_images/2008_006218.jpg,cats_annotation/2008_006218.mat
cats_images/2010_004133.jpg,cats_annotation/2010_004133.mat
cats_images/2008_003420.jpg,cats_annotation/2008_003420.mat
cats_images/2010_004545.jpg,cats_annotation/2010_004545.mat
cats_images/2009_004022.jpg,cats_annotation/2009_004022.mat
cats_images/2009_001117.jpg,cats_annotation/2009_001117.mat
cats_images/2008_007403.jpg,cats_annotation/2008_007403.mat
cats_images/2008_003430.jpg,cats_annotation/2008_003430.mat
cats_images/2010_002392.jpg,cats_annotation/2010_002392.mat
cats_images/2009_002499.jpg,cats_annotation/2009_002499.mat
cats_images/2008_005699.jpg,cats_annotation/2008_005699.mat
cats_images/2009_004291.jpg,cats_annotation/2009_004291.mat
cats_images/2008_004990.jpg,cats_annotation/2008_004990.mat
cats_images/2009_003201.jpg,cats_annotation/2009_003201.mat
cats_images/2010_000687.jpg,cats_annotation/2010_000687.mat
cats_images/2008_007914.jpg,cats_annotation/2008_007914.mat
cats_images/2010_002963.jpg,cats_annotation/2010_002963.mat
cats_images/2009_003541.jpg,cats_annotation/2009_003541.mat
cats_images/2010_005287.jpg,cats_annotation/2010_005287.mat
cats_images/2008_005270.jpg,cats_annotation/2008_005270.mat
cats_images/2010_004141.jpg,cats_annotation/2010_004141.mat
cats_images/2009_004796.jpg,cats_annotation/2009_004796.mat
cats_images/2009_001227.jpg,cats_annotation/2009_001227.mat
cats_images/2009_000970.jpg,cats_annotation/2009_000970.mat
cats_images/2008_002597.jpg,cats_annotation/2008_002597.mat
cats_images/2010_000172.jpg,cats_annotation/2010_000172.mat
cats_images/2010_005462.jpg,cats_annotation/2010_005462.mat
cats_images/2009_000681.jpg,cats_annotation/2009_000681.mat
cats_images/2010_001147.jpg,cats_annotation/2010_001147.mat
cats_images/2008_001610.jpg,cats_annotation/2008_001610.mat
cats_images/2010_002057.jpg,cats_annotation/2010_002057.mat
cats_images/2009_000599.jpg,cats_annotation/2009_000599.mat
cats_images/2008_006657.jpg,cats_annotation/2008_006657.mat
cats_images/2008_007106.jpg,cats_annotation/2008_007106.mat
cats_images/2010_001140.jpg,cats_annotation/2010_001140.mat
cats_images/2008_006576.jpg,cats_annotation/2008_006576.mat
cats_images/2008_007130.jpg,cats_annotation/2008_007130.mat
cats_images/2010_003174.jpg,cats_annotation/2010_003174.mat
cats_images/2009_002615.jpg,cats_annotation/2009_002615.mat
cats_images/2009_002704.jpg,cats_annotation/2009_002704.mat
cats_images/2009_004504.jpg,cats_annotation/2009_004504.mat
cats_images/2008_001433.jpg,cats_annotation/2008_001433.mat
cats_images/2009_001484.jpg,cats_annotation/2009_001484.mat
cats_images/2010_000553.jpg,cats_annotation/2010_000553.mat
cats_images/2009_002141.jpg,cats_annotation/2009_002141.mat
cats_images/2009_005095.jpg,cats_annotation/2009_005095.mat
cats_images/2009_002813.jpg,cats_annotation/2009_002813.mat
cats_images/2010_002900.jpg,cats_annotation/2010_002900.mat
cats_images/2008_007989.jpg,cats_annotation/2008_007989.mat
cats_images/2008_005560.jpg,cats_annotation/2008_005560.mat
cats_images/2010_005833.jpg,cats_annotation/2010_005833.mat
cats_images/2009_004176.jpg,cats_annotation/2009_004176.mat
cats_images/2009_004051.jpg,cats_annotation/2009_004051.mat
cats_images/2009_004456.jpg,cats_annotation/2009_004456.mat
cats_images/2010_000114.jpg,cats_annotation/2010_000114.mat
cats_images/2008_005735.jpg,cats_annotation/2008_005735.mat
cats_images/2010_003988.jpg,cats_annotation/2010_003988.mat
cats_images/2008_004672.jpg,cats_annotation/2008_004672.mat
cats_images/2009_001198.jpg,cats_annotation/2009_001198.mat
cats_images/2010_000043.jpg,cats_annotation/2010_000043.mat
cats_images/2008_000227.jpg,cats_annotation/2008_000227.mat
cats_images/2010_002354.jpg,cats_annotation/2010_002354.mat
cats_images/2010_003483.jpg,cats_annotation/2010_003483.mat
cats_images/2009_003143.jpg,cats_annotation/2009_003143.mat
cats_images/2009_002855.jpg,cats_annotation/2009_002855.mat
cats_images/2010_003223.jpg,cats_annotation/2010_003223.mat
cats_images/2010_005021.jpg,cats_annotation/2010_005021.mat
cats_images/2009_001391.jpg,cats_annotation/2009_001391.mat
cats_images/2008_004374.jpg,cats_annotation/2008_004374.mat
cats_images/2008_004797.jpg,cats_annotation/2008_004797.mat
cats_images/2009_004099.jpg,cats_annotation/2009_004099.mat
cats_images/2010_005239.jpg,cats_annotation/2010_005239.mat
cats_images/2009_001369.jpg,cats_annotation/2009_001369.mat
cats_images/2009_000013.jpg,cats_annotation/2009_000013.mat
cats_images/2008_007640.jpg,cats_annotation/2008_007640.mat
cats_images/2010_000182.jpg,cats_annotation/2010_000182.mat
cats_images/2010_000347.jpg,cats_annotation/2010_000347.mat
cats_images/2010_002086.jpg,cats_annotation/2010_002086.mat
cats_images/2010_002204.jpg,cats_annotation/2010_002204.mat
cats_images/2008_006113.jpg,cats_annotation/2008_006113.mat
cats_images/2010_003943.jpg,cats_annotation/2010_003943.mat
cats_images/2010_004638.jpg,cats_annotation/2010_004638.mat
cats_images/2010_000815.jpg,cats_annotation/2010_000815.mat
cats_images/2010_004968.jpg,cats_annotation/2010_004968.mat
cats_images/2010_002177.jpg,cats_annotation/2010_002177.mat
cats_images/2010_005975.jpg,cats_annotation/2010_005975.mat
cats_images/2008_005480.jpg,cats_annotation/2008_005480.mat
cats_images/2009_004234.jpg,cats_annotation/2009_004234.mat
cats_images/2009_001550.jpg,cats_annotation/2009_001550.mat
cats_images/2010_003696.jpg,cats_annotation/2010_003696.mat
cats_images/2010_002811.jpg,cats_annotation/2010_002811.mat
cats_images/2010_004553.jpg,cats_annotation/2010_004553.mat
cats_images/2008_004856.jpg,cats_annotation/2008_004856.mat
cats_images/2010_000552.jpg,cats_annotation/2010_000552.mat
cats_images/2010_001885.jpg,cats_annotation/2010_001885.mat
cats_images/2008_005235.jpg,cats_annotation/2008_005235.mat
cats_images/2009_003129.jpg,cats_annotation/2009_003129.mat
cats_images/2009_004607.jpg,cats_annotation/2009_004607.mat
cats_images/2010_003966.jpg,cats_annotation/2010_003966.mat
cats_images/2010_002167.jpg,cats_annotation/2010_002167.mat
cats_images/2010_000665.jpg,cats_annotation/2010_000665.mat
cats_images/2010_002531.jpg,cats_annotation/2010_002531.mat
cats_images/2010_002676.jpg,cats_annotation/2010_002676.mat
cats_images/2008_006384.jpg,cats_annotation/2008_006384.mat
cats_images/2009_004424.jpg,cats_annotation/2009_004424.mat
cats_images/2008_005569.jpg,cats_annotation/2008_005569.mat
cats_images/2010_002098.jpg,cats_annotation/2010_002098.mat
cats_images/2010_005275.jpg,cats_annotation/2010_005275.mat
cats_images/2009_004083.jpg,cats_annotation/2009_004083.mat
cats_images/2008_005574.jpg,cats_annotation/2008_005574.mat
cats_images/2009_004841.jpg,cats_annotation/2009_004841.mat
cats_images/2008_005853.jpg,cats_annotation/2008_005853.mat
cats_images/2010_005257.jpg,cats_annotation/2010_005257.mat
cats_images/2010_004320.jpg,cats_annotation/2010_004320.mat
cats_images/2008_006362.jpg,cats_annotation/2008_006362.mat
cats_images/2010_000799.jpg,cats_annotation/2010_000799.mat
cats_images/2010_003950.jpg,cats_annotation/2010_003950.mat
cats_images/2010_001957.jpg,cats_annotation/2010_001957.mat
cats_images/2008_000222.jpg,cats_annotation/2008_000222.mat
cats_images/2010_003887.jpg,cats_annotation/2010_003887.mat
cats_images/2010_002255.jpg,cats_annotation/2010_002255.mat
cats_images/2010_005222.jpg,cats_annotation/2010_005222.mat
cats_images/2010_002118.jpg,cats_annotation/2010_002118.mat
cats_images/2008_007794.jpg,cats_annotation/2008_007794.mat
cats_images/2008_003624.jpg,cats_annotation/2008_003624.mat
cats_images/2008_007187.jpg,cats_annotation/2008_007187.mat
cats_images/2009_000511.jpg,cats_annotation/2009_000511.mat
cats_images/2009_003601.jpg,cats_annotation/2009_003601.mat
cats_images/2010_000389.jpg,cats_annotation/2010_000389.mat
cats_images/2010_005161.jpg,cats_annotation/2010_005161.mat
cats_images/2010_004918.jpg,cats_annotation/2010_004918.mat
cats_images/2009_001016.jpg,cats_annotation/2009_001016.mat
cats_images/2010_001468.jpg,cats_annotation/2010_001468.mat
cats_images/2008_005979.jpg,cats_annotation/2008_005979.mat
cats_images/2008_006462.jpg,cats_annotation/2008_006462.mat
cats_images/2009_003605.jpg,cats_annotation/2009_003605.mat
cats_images/2010_003539.jpg,cats_annotation/2010_003539.mat
cats_images/2008_007589.jpg,cats_annotation/2008_007589.mat
cats_images/2008_004967.jpg,cats_annotation/2008_004967.mat
cats_images/2010_002678.jpg,cats_annotation/2010_002678.mat
cats_images/2010_005193.jpg,cats_annotation/2010_005193.mat
cats_images/2010_004301.jpg,cats_annotation/2010_004301.mat
cats_images/2008_001374.jpg,cats_annotation/2008_001374.mat
cats_images/2009_000782.jpg,cats_annotation/2009_000782.mat
cats_images/2008_007151.jpg,cats_annotation/2008_007151.mat
cats_images/2009_005211.jpg,cats_annotation/2009_005211.mat
cats_images/2008_002583.jpg,cats_annotation/2008_002583.mat
cats_images/2008_000793.jpg,cats_annotation/2008_000793.mat
cats_images/2008_005252.jpg,cats_annotation/2008_005252.mat
cats_images/2008_002899.jpg,cats_annotation/2008_002899.mat
cats_images/2009_004529.jpg,cats_annotation/2009_004529.mat
cats_images/2010_000506.jpg,cats_annotation/2010_000506.mat
cats_images/2008_005469.jpg,cats_annotation/2008_005469.mat
cats_images/2009_004448.jpg,cats_annotation/2009_004448.mat
cats_images/2010_004515.jpg,cats_annotation/2010_004515.mat
cats_images/2009_003165.jpg,cats_annotation/2009_003165.mat
cats_images/2010_004676.jpg,cats_annotation/2010_004676.mat
cats_images/2010_003230.jpg,cats_annotation/2010_003230.mat
cats_images/2008_000581.jpg,cats_annotation/2008_000581.mat
cats_images/2008_002215.jpg,cats_annotation/2008_002215.mat
cats_images/2008_005780.jpg,cats_annotation/2008_005780.mat
cats_images/2010_002422.jpg,cats_annotation/2010_002422.mat
cats_images/2010_005696.jpg,cats_annotation/2010_005696.mat
cats_images/2010_004327.jpg,cats_annotation/2010_004327.mat
cats_images/2010_006078.jpg,cats_annotation/2010_006078.mat
cats_images/2009_003718.jpg,cats_annotation/2009_003718.mat
cats_images/2010_003133.jpg,cats_annotation/2010_003133.mat
cats_images/2008_003562.jpg,cats_annotation/2008_003562.mat
cats_images/2010_003151.jpg,cats_annotation/2010_003151.mat
cats_images/2010_000694.jpg,cats_annotation/2010_000694.mat
cats_images/2010_002645.jpg,cats_annotation/2010_002645.mat
cats_images/2008_001414.jpg,cats_annotation/2008_001414.mat
cats_images/2010_002305.jpg,cats_annotation/2010_002305.mat
cats_images/2008_003244.jpg,cats_annotation/2008_003244.mat
cats_images/2009_002837.jpg,cats_annotation/2009_002837.mat
cats_images/2010_001103.jpg,cats_annotation/2010_001103.mat
cats_images/2010_005264.jpg,cats_annotation/2010_005264.mat
cats_images/2010_003823.jpg,cats_annotation/2010_003823.mat
cats_images/2008_002957.jpg,cats_annotation/2008_002957.mat
cats_images/2009_000342.jpg,cats_annotation/2009_000342.mat
cats_images/2009_004887.jpg,cats_annotation/2009_004887.mat
cats_images/2009_005033.jpg,cats_annotation/2009_005033.mat
cats_images/2010_003050.jpg,cats_annotation/2010_003050.mat
cats_images/2009_000553.jpg,cats_annotation/2009_000553.mat
cats_images/2008_002298.jpg,cats_annotation/2008_002298.mat
cats_images/2010_004448.jpg,cats_annotation/2010_004448.mat
cats_images/2010_003238.jpg,cats_annotation/2010_003238.mat
cats_images/2010_001361.jpg,cats_annotation/2010_001361.mat
cats_images/2010_002278.jpg,cats_annotation/2010_002278.mat
cats_images/2009_004358.jpg,cats_annotation/2009_004358.mat
cats_images/2009_003985.jpg,cats_annotation/2009_003985.mat
cats_images/2008_006561.jpg,cats_annotation/2008_006561.mat
cats_images/2009_001906.jpg,cats_annotation/2009_001906.mat
cats_images/2008_001792.jpg,cats_annotation/2008_001792.mat
cats_images/2008_005421.jpg,cats_annotation/2008_005421.mat
cats_images/2010_002789.jpg,cats_annotation/2010_002789.mat
cats_images/2010_001215.jpg,cats_annotation/2010_001215.mat
cats_images/2010_001842.jpg,cats_annotation/2010_001842.mat
cats_images/2010_004171.jpg,cats_annotation/2010_004171.mat
cats_images/2008_005061.jpg,cats_annotation/2008_005061.mat
cats_images/2010_002040.jpg,cats_annotation/2010_002040.mat
cats_images/2008_004873.jpg,cats_annotation/2008_004873.mat
cats_images/2009_003955.jpg,cats_annotation/2009_003955.mat
cats_images/2010_004891.jpg,cats_annotation/2010_004891.mat
cats_images/2008_005882.jpg,cats_annotation/2008_005882.mat
cats_images/2010_004002.jpg,cats_annotation/2010_004002.mat
cats_images/2010_000109.jpg,cats_annotation/2010_000109.mat
cats_images/2010_001744.jpg,cats_annotation/2010_001744.mat
cats_images/2008_004583.jpg,cats_annotation/2008_004583.mat
cats_images/2010_005035.jpg,cats_annotation/2010_005035.mat
cats_images/2009_003350.jpg,cats_annotation/2009_003350.mat
cats_images/2008_005636.jpg,cats_annotation/2008_005636.mat
cats_images/2008_006403.jpg,cats_annotation/2008_006403.mat
cats_images/2009_001689.jpg,cats_annotation/2009_001689.mat
cats_images/2010_000409.jpg,cats_annotation/2010_000409.mat
cats_images/2010_003598.jpg,cats_annotation/2010_003598.mat
cats_images/2010_004306.jpg,cats_annotation/2010_004306.mat
cats_images/2009_003070.jpg,cats_annotation/2009_003070.mat
cats_images/2008_006285.jpg,cats_annotation/2008_006285.mat
cats_images/2010_005492.jpg,cats_annotation/2010_005492.mat
cats_images/2008_007260.jpg,cats_annotation/2008_007260.mat
cats_images/2010_002778.jpg,cats_annotation/2010_002778.mat
cats_images/2009_001279.jpg,cats_annotation/2009_001279.mat
cats_images/2009_003771.jpg,cats_annotation/2009_003771.mat
cats_images/2010_000941.jpg,cats_annotation/2010_000941.mat
cats_images/2008_002299.jpg,cats_annotation/2008_002299.mat
cats_images/2008_004635.jpg,cats_annotation/2008_004635.mat
cats_images/2010_002855.jpg,cats_annotation/2010_002855.mat
cats_images/2008_000062.jpg,cats_annotation/2008_000062.mat
cats_images/2010_003982.jpg,cats_annotation/2010_003982.mat
cats_images/2010_002831.jpg,cats_annotation/2010_002831.mat
cats_images/2010_002693.jpg,cats_annotation/2010_002693.mat
cats_images/2010_004691.jpg,cats_annotation/2010_004691.mat
cats_images/2010_005899.jpg,cats_annotation/2010_005899.mat
cats_images/2009_002352.jpg,cats_annotation/2009_002352.mat
cats_images/2010_005006.jpg,cats_annotation/2010_005006.mat
cats_images/2010_004144.jpg,cats_annotation/2010_004144.mat
cats_images/2008_002201.jpg,cats_annotation/2008_002201.mat
cats_images/2010_001070.jpg,cats_annotation/2010_001070.mat
cats_images/2008_007164.jpg,cats_annotation/2008_007164.mat
cats_images/2008_007059.jpg,cats_annotation/2008_007059.mat
cats_images/2010_002993.jpg,cats_annotation/2010_002993.mat
cats_images/2010_001247.jpg,cats_annotation/2010_001247.mat
cats_images/2009_003921.jpg,cats_annotation/2009_003921.mat
cats_images/2008_006999.jpg,cats_annotation/2008_006999.mat
cats_images/2010_000500.jpg,cats_annotation/2010_000500.mat
cats_images/2010_003845.jpg,cats_annotation/2010_003845.mat
cats_images/2010_000724.jpg,cats_annotation/2010_000724.mat
cats_images/2008_005805.jpg,cats_annotation/2008_005805.mat
cats_images/2009_000854.jpg,cats_annotation/2009_000854.mat
cats_images/2008_006973.jpg,cats_annotation/2008_006973.mat
cats_images/2008_005977.jpg,cats_annotation/2008_005977.mat
cats_images/2009_002429.jpg,cats_annotation/2009_002429.mat
cats_images/2008_000839.jpg,cats_annotation/2008_000839.mat
cats_images/2009_002836.jpg,cats_annotation/2009_002836.mat
cats_images/2008_005510.jpg,cats_annotation/2008_005510.mat
cats_images/2008_002410.jpg,cats_annotation/2008_002410.mat
cats_images/2009_001361.jpg,cats_annotation/2009_001361.mat
cats_images/2009_002628.jpg,cats_annotation/2009_002628.mat
cats_images/2008_002872.jpg,cats_annotation/2008_002872.mat
cats_images/2008_003557.jpg,cats_annotation/2008_003557.mat
cats_images/2008_007726.jpg,cats_annotation/2008_007726.mat
cats_images/2010_002307.jpg,cats_annotation/2010_002307.mat
cats_images/2008_004515.jpg,cats_annotation/2008_004515.mat
cats_images/2009_002053.jpg,cats_annotation/2009_002053.mat
cats_images/2008_006325.jpg,cats_annotation/2008_006325.mat
cats_images/2010_000875.jpg,cats_annotation/2010_000875.mat
cats_images/2009_003847.jpg,cats_annotation/2009_003847.mat
cats_images/2010_002136.jpg,cats_annotation/2010_002136.mat
cats_images/2010_002713.jpg,cats_annotation/2010_002713.mat
cats_images/2010_003371.jpg,cats_annotation/2010_003371.mat
cats_images/2010_003451.jpg,cats_annotation/2010_003451.mat
cats_images/2010_004479.jpg,cats_annotation/2010_004479.mat
cats_images/2009_003660.jpg,cats_annotation/2009_003660.mat
cats_images/2010_005906.jpg,cats_annotation/2010_005906.mat
cats_images/2008_006194.jpg,cats_annotation/2008_006194.mat
cats_images/2008_001267.jpg,cats_annotation/2008_001267.mat
cats_images/2010_001025.jpg,cats_annotation/2010_001025.mat
cats_images/2010_004861.jpg,cats_annotation/2010_004861.mat
cats_images/2009_004157.jpg,cats_annotation/2009_004157.mat
cats_images/2008_004155.jpg,cats_annotation/2008_004155.mat
cats_images/2010_002973.jpg,cats_annotation/2010_002973.mat
cats_images/2008_006599.jpg,cats_annotation/2008_006599.mat
cats_images/2009_004639.jpg,cats_annotation/2009_004639.mat
cats_images/2009_002104.jpg,cats_annotation/2009_002104.mat
cats_images/2008_006081.jpg,cats_annotation/2008_006081.mat
cats_images/2010_000303.jpg,cats_annotation/2010_000303.mat
cats_images/2010_001863.jpg,cats_annotation/2010_001863.mat
cats_images/2009_000638.jpg,cats_annotation/2009_000638.mat
cats_images/2010_001747.jpg,cats_annotation/2010_001747.mat
cats_images/2010_004244.jpg,cats_annotation/2010_004244.mat
cats_images/2009_002176.jpg,cats_annotation/2009_002176.mat
cats_images/2009_003312.jpg,cats_annotation/2009_003312.mat
cats_images/2008_006430.jpg,cats_annotation/2008_006430.mat
cats_images/2008_002623.jpg,cats_annotation/2008_002623.mat
cats_images/2008_004538.jpg,cats_annotation/2008_004538.mat
cats_images/2010_005886.jpg,cats_annotation/2010_005886.mat
cats_images/2010_001827.jpg,cats_annotation/2010_001827.mat
cats_images/2009_003528.jpg,cats_annotation/2009_003528.mat
cats_images/2010_001385.jpg,cats_annotation/2010_001385.mat
cats_images/2010_004712.jpg,cats_annotation/2010_004712.mat
cats_images/2009_005219.jpg,cats_annotation/2009_005219.mat
cats_images/2010_000118.jpg,cats_annotation/2010_000118.mat
cats_images/2008_004422.jpg,cats_annotation/2008_004422.mat
cats_images/2008_008585.jpg,cats_annotation/2008_008585.mat
cats_images/2010_004584.jpg,cats_annotation/2010_004584.mat
cats_images/2010_000586.jpg,cats_annotation/2010_000586.mat
cats_images/2009_002363.jpg,cats_annotation/2009_002363.mat
cats_images/2010_001418.jpg,cats_annotation/2010_001418.mat
cats_images/2008_005072.jpg,cats_annotation/2008_005072.mat
cats_images/2010_005312.jpg,cats_annotation/2010_005312.mat
cats_images/2008_006609.jpg,cats_annotation/2008_006609.mat
cats_images/2010_004753.jpg,cats_annotation/2010_004753.mat
cats_images/2008_003726.jpg,cats_annotation/2008_003726.mat
cats_images/2010_001333.jpg,cats_annotation/2010_001333.mat
cats_images/2010_005984.jpg,cats_annotation/2010_005984.mat
cats_images/2010_001587.jpg,cats_annotation/2010_001587.mat
cats_images/2008_004347.jpg,cats_annotation/2008_004347.mat
cats_images/2010_004634.jpg,cats_annotation/2010_004634.mat
cats_images/2009_002267.jpg,cats_annotation/2009_002267.mat
cats_images/2010_003898.jpg,cats_annotation/2010_003898.mat
cats_images/2008_002682.jpg,cats_annotation/2008_002682.mat
cats_images/2010_003861.jpg,cats_annotation/2010_003861.mat
cats_images/2010_002348.jpg,cats_annotation/2010_002348.mat
cats_images/2010_003427.jpg,cats_annotation/2010_003427.mat
cats_images/2010_000661.jpg,cats_annotation/2010_000661.mat
cats_images/2008_006512.jpg,cats_annotation/2008_006512.mat
cats_images/2009_000366.jpg,cats_annotation/2009_000366.mat
cats_images/2008_005247.jpg,cats_annotation/2008_005247.mat
cats_images/2008_005463.jpg,cats_annotation/2008_005463.mat
cats_images/2010_001712.jpg,cats_annotation/2010_001712.mat
cats_images/2008_003167.jpg,cats_annotation/2008_003167.mat
cats_images/2010_000616.jpg,cats_annotation/2010_000616.mat
cats_images/2008_006810.jpg,cats_annotation/2008_006810.mat
cats_images/2010_004467.jpg,cats_annotation/2010_004467.mat
cats_images/2010_000469.jpg,cats_annotation/2010_000469.mat
cats_images/2010_004540.jpg,cats_annotation/2010_004540.mat
cats_images/2010_003497.jpg,cats_annotation/2010_003497.mat
cats_images/2010_001590.jpg,cats_annotation/2010_001590.mat
cats_images/2009_004655.jpg,cats_annotation/2009_004655.mat
cats_images/2010_004365.jpg,cats_annotation/2010_004365.mat
cats_images/2008_006449.jpg,cats_annotation/2008_006449.mat
cats_images/2010_000538.jpg,cats_annotation/2010_000538.mat
cats_images/2009_000304.jpg,cats_annotation/2009_000304.mat
cats_images/2009_001411.jpg,cats_annotation/2009_001411.mat
cats_images/2008_002749.jpg,cats_annotation/2008_002749.mat
cats_images/2008_006629.jpg,cats_annotation/2008_006629.mat
cats_images/2010_004829.jpg,cats_annotation/2010_004829.mat
cats_images/2008_005523.jpg,cats_annotation/2008_005523.mat
cats_images/2009_001623.jpg,cats_annotation/2009_001623.mat
cats_images/2010_000261.jpg,cats_annotation/2010_000261.mat
cats_images/2008_007610.jpg,cats_annotation/2008_007610.mat
cats_images/2010_000519.jpg,cats_annotation/2010_000519.mat
cats_images/2010_005938.jpg,cats_annotation/2010_005938.mat
cats_images/2009_003419.jpg,cats_annotation/2009_003419.mat
cats_images/2010_005340.jpg,cats_annotation/2010_005340.mat
cats_images/2009_001057.jpg,cats_annotation/2009_001057.mat
cats_images/2010_002845.jpg,cats_annotation/2010_002845.mat
cats_images/2010_004681.jpg,cats_annotation/2010_004681.mat
cats_images/2008_005309.jpg,cats_annotation/2008_005309.mat
cats_images/2010_002192.jpg,cats_annotation/2010_002192.mat
cats_images/2008_001071.jpg,cats_annotation/2008_001071.mat
cats_images/2008_006781.jpg,cats_annotation/2008_006781.mat
cats_images/2010_001499.jpg,cats_annotation/2010_001499.mat
cats_images/2010_005108.jpg,cats_annotation/2010_005108.mat
cats_images/2010_005513.jpg,cats_annotation/2010_005513.mat
cats_images/2010_002143.jpg,cats_annotation/2010_002143.mat
cats_images/2010_003275.jpg,cats_annotation/2010_003275.mat
cats_images/2010_000244.jpg,cats_annotation/2010_000244.mat
cats_images/2010_004808.jpg,cats_annotation/2010_004808.mat
cats_images/2008_006099.jpg,cats_annotation/2008_006099.mat
cats_images/2008_001290.jpg,cats_annotation/2008_001290.mat
cats_images/2010_001435.jpg,cats_annotation/2010_001435.mat
cats_images/2008_000196.jpg,cats_annotation/2008_000196.mat
cats_images/2010_006058.jpg,cats_annotation/2010_006058.mat
cats_images/2009_005299.jpg,cats_annotation/2009_005299.mat
cats_images/2010_000842.jpg,cats_annotation/2010_000842.mat
cats_images/2010_000099.jpg,cats_annotation/2010_000099.mat
cats_images/2008_000502.jpg,cats_annotation/2008_000502.mat
cats_images/2010_005697.jpg,cats_annotation/2010_005697.mat
cats_images/2010_003227.jpg,cats_annotation/2010_003227.mat
cats_images/2010_004048.jpg,cats_annotation/2010_004048.mat
cats_images/2008_004189.jpg,cats_annotation/2008_004189.mat
cats_images/2009_003272.jpg,cats_annotation/2009_003272.mat
cats_images/2010_003752.jpg,cats_annotation/2010_003752.mat
cats_images/2008_007085.jpg,cats_annotation/2008_007085.mat
cats_images/2008_004048.jpg,cats_annotation/2008_004048.mat
cats_images/2009_001126.jpg,cats_annotation/2009_001126.mat
cats_images/2010_000971.jpg,cats_annotation/2010_000971.mat
cats_images/2008_007964.jpg,cats_annotation/2008_007964.mat
cats_images/2008_000115.jpg,cats_annotation/2008_000115.mat
cats_images/2008_002004.jpg,cats_annotation/2008_002004.mat
cats_images/2008_003052.jpg,cats_annotation/2008_003052.mat
cats_images/2008_000401.jpg,cats_annotation/2008_000401.mat
cats_images/2010_000374.jpg,cats_annotation/2010_000374.mat
cats_images/2010_004457.jpg,cats_annotation/2010_004457.mat
cats_images/2009_000303.jpg,cats_annotation/2009_000303.mat
cats_images/2008_003303.jpg,cats_annotation/2008_003303.mat
cats_images/2008_006294.jpg,cats_annotation/2008_006294.mat
cats_images/2010_001125.jpg,cats_annotation/2010_001125.mat
cats_images/2009_000466.jpg,cats_annotation/2009_000466.mat
cats_images/2010_005592.jpg,cats_annotation/2010_005592.mat
cats_images/2010_003067.jpg,cats_annotation/2010_003067.mat
cats_images/2010_001660.jpg,cats_annotation/2010_001660.mat
cats_images/2010_005421.jpg,cats_annotation/2010_005421.mat
cats_images/2008_005816.jpg,cats_annotation/2008_005816.mat
cats_images/2008_003932.jpg,cats_annotation/2008_003932.mat
cats_images/2009_004477.jpg,cats_annotation/2009_004477.mat
cats_images/2010_006040.jpg,cats_annotation/2010_006040.mat
cats_images/2008_007842.jpg,cats_annotation/2008_007842.mat
cats_images/2009_003056.jpg,cats_annotation/2009_003056.mat
cats_images/2010_001386.jpg,cats_annotation/2010_001386.mat
cats_images/2010_003249.jpg,cats_annotation/2010_003249.mat
cats_images/2010_005573.jpg,cats_annotation/2010_005573.mat
cats_images/2008_003607.jpg,cats_annotation/2008_003607.mat
cats_images/2010_001938.jpg,cats_annotation/2010_001938.mat
cats_images/2010_000647.jpg,cats_annotation/2010_000647.mat
cats_images/2009_005158.jpg,cats_annotation/2009_005158.mat
cats_images/2009_000030.jpg,cats_annotation/2009_000030.mat
cats_images/2008_005566.jpg,cats_annotation/2008_005566.mat
cats_images/2010_000317.jpg,cats_annotation/2010_000317.mat
cats_images/2008_005857.jpg,cats_annotation/2008_005857.mat
cats_images/2010_001913.jpg,cats_annotation/2010_001913.mat
cats_images/2010_002316.jpg,cats_annotation/2010_002316.mat
cats_images/2010_003527.jpg,cats_annotation/2010_003527.mat
cats_images/2008_007256.jpg,cats_annotation/2008_007256.mat
cats_images/2010_004933.jpg,cats_annotation/2010_004933.mat
cats_images/2009_000493.jpg,cats_annotation/2009_000493.mat
cats_images/2010_000009.jpg,cats_annotation/2010_000009.mat
cats_images/2008_002225.jpg,cats_annotation/2008_002225.mat
cats_images/2010_002692.jpg,cats_annotation/2010_002692.mat
cats_images/2008_005134.jpg,cats_annotation/2008_005134.mat
cats_images/2010_005606.jpg,cats_annotation/2010_005606.mat
cats_images/2008_007363.jpg,cats_annotation/2008_007363.mat
cats_images/2009_004442.jpg,cats_annotation/2009_004442.mat
cats_images/2010_004060.jpg,cats_annotation/2010_004060.mat
cats_images/2010_002479.jpg,cats_annotation/2010_002479.mat
cats_images/2008_005943.jpg,cats_annotation/2008_005943.mat
cats_images/2008_007239.jpg,cats_annotation/2008_007239.mat
cats_images/2009_004073.jpg,cats_annotation/2009_004073.mat
cats_images/2008_003239.jpg,cats_annotation/2008_003239.mat
cats_images/2008_007269.jpg,cats_annotation/2008_007269.mat
cats_images/2008_003045.jpg,cats_annotation/2008_003045.mat
cats_images/2009_001933.jpg,cats_annotation/2009_001933.mat
cats_images/2010_000404.jpg,cats_annotation/2010_000404.mat
cats_images/2009_003697.jpg,cats_annotation/2009_003697.mat
cats_images/2009_002040.jpg,cats_annotation/2009_002040.mat
cats_images/2010_003675.jpg,cats_annotation/2010_003675.mat
cats_images/2010_003481.jpg,cats_annotation/2010_003481.mat
cats_images/2009_001094.jpg,cats_annotation/2009_001094.mat
cats_images/2009_003222.jpg,cats_annotation/2009_003222.mat
cats_images/2010_004104.jpg,cats_annotation/2010_004104.mat
cats_images/2008_007324.jpg,cats_annotation/2008_007324.mat
cats_images/2010_000996.jpg,cats_annotation/2010_000996.mat
cats_images/2009_000488.jpg,cats_annotation/2009_000488.mat
cats_images/2010_002662.jpg,cats_annotation/2010_002662.mat
cats_images/2010_001382.jpg,cats_annotation/2010_001382.mat
cats_images/2010_001465.jpg,cats_annotation/2010_001465.mat
cats_images/2008_001335.jpg,cats_annotation/2008_001335.mat
cats_images/2010_001934.jpg,cats_annotation/2010_001934.mat
cats_images/2008_000641.jpg,cats_annotation/2008_000641.mat
cats_images/2009_003489.jpg,cats_annotation/2009_003489.mat
cats_images/2010_004768.jpg,cats_annotation/2010_004768.mat
cats_images/2010_002243.jpg,cats_annotation/2010_002243.mat
cats_images/2010_005973.jpg,cats_annotation/2010_005973.mat
cats_images/2008_004328.jpg,cats_annotation/2008_004328.mat
cats_images/2010_005855.jpg,cats_annotation/2010_005855.mat
cats_images/2009_002667.jpg,cats_annotation/2009_002667.mat
cats_images/2009_001931.jpg,cats_annotation/2009_001931.mat
cats_images/2008_006753.jpg,cats_annotation/2008_006753.mat
cats_images/2008_006341.jpg,cats_annotation/2008_006341.mat
cats_images/2010_004023.jpg,cats_annotation/2010_004023.mat
cats_images/2010_005709.jpg,cats_annotation/2010_005709.mat
cats_images/2008_000950.jpg,cats_annotation/2008_000950.mat
cats_images/2009_002917.jpg,cats_annotation/2009_002917.mat
cats_images/2010_003190.jpg,cats_annotation/2010_003190.mat
cats_images/2010_002976.jpg,cats_annotation/2010_002976.mat
cats_images/2010_001177.jpg,cats_annotation/2010_001177.mat
cats_images/2008_006050.jpg,cats_annotation/2008_006050.mat
cats_images/2009_001205.jpg,cats_annotation/2009_001205.mat
cats_images/2010_005238.jpg,cats_annotation/2010_005238.mat
cats_images/2010_002303.jpg,cats_annotation/2010_002303.mat
cats_images/2010_002512.jpg,cats_annotation/2010_002512.mat
cats_images/2010_001417.jpg,cats_annotation/2010_001417.mat
cats_images/2010_003641.jpg,cats_annotation/2010_003641.mat
cats_images/2008_000056.jpg,cats_annotation/2008_000056.mat
cats_images/2010_005082.jpg,cats_annotation/2010_005082.mat
cats_images/2008_002067.jpg,cats_annotation/2008_002067.mat
cats_images/2010_000974.jpg,cats_annotation/2010_000974.mat
cats_images/2008_006190.jpg,cats_annotation/2008_006190.mat
cats_images/2008_003772.jpg,cats_annotation/2008_003772.mat
cats_images/2010_000536.jpg,cats_annotation/2010_000536.mat
cats_images/2010_004573.jpg,cats_annotation/2010_004573.mat
cats_images/2010_005903.jpg,cats_annotation/2010_005903.mat
cats_images/2010_005948.jpg,cats_annotation/2010_005948.mat
cats_images/2010_000488.jpg,cats_annotation/2010_000488.mat
cats_images/2008_004640.jpg,cats_annotation/2008_004640.mat
cats_images/2008_000096.jpg,cats_annotation/2008_000096.mat
cats_images/2009_000227.jpg,cats_annotation/2009_000227.mat
cats_images/2008_006175.jpg,cats_annotation/2008_006175.mat
cats_images/2010_005317.jpg,cats_annotation/2010_005317.mat
cats_images/2008_000182.jpg,cats_annotation/2008_000182.mat
cats_images/2009_000080.jpg,cats_annotation/2009_000080.mat
cats_images/2008_007941.jpg,cats_annotation/2008_007941.mat
cats_images/2010_005099.jpg,cats_annotation/2010_005099.mat
cats_images/2010_004585.jpg,cats_annotation/2010_004585.mat
cats_images/2010_003971.jpg,cats_annotation/2010_003971.mat
cats_images/2010_003468.jpg,cats_annotation/2010_003468.mat
cats_images/2010_000468.jpg,cats_annotation/2010_000468.mat
cats_images/2010_003928.jpg,cats_annotation/2010_003928.mat
cats_images/2008_003343.jpg,cats_annotation/2008_003343.mat
cats_images/2009_004683.jpg,cats_annotation/2009_004683.mat
cats_images/2010_003337.jpg,cats_annotation/2010_003337.mat
cats_images/2008_005460.jpg,cats_annotation/2008_005460.mat
cats_images/2008_004284.jpg,cats_annotation/2008_004284.mat
cats_images/2010_003309.jpg,cats_annotation/2010_003309.mat
cats_images/2010_000948.jpg,cats_annotation/2010_000948.mat
cats_images/2010_002026.jpg,cats_annotation/2010_002026.mat
cats_images/2008_007613.jpg,cats_annotation/2008_007613.mat
cats_images/2010_005442.jpg,cats_annotation/2010_005442.mat
cats_images/2010_004717.jpg,cats_annotation/2010_004717.mat
cats_images/2010_003925.jpg,cats_annotation/2010_003925.mat
cats_images/2009_003626.jpg,cats_annotation/2009_003626.mat
cats_images/2010_004402.jpg,cats_annotation/2010_004402.mat
cats_images/2010_005456.jpg,cats_annotation/2010_005456.mat
cats_images/2008_005890.jpg,cats_annotation/2008_005890.mat
cats_images/2009_005119.jpg,cats_annotation/2009_005119.mat
cats_images/2008_006793.jpg,cats_annotation/2008_006793.mat
cats_images/2010_001021.jpg,cats_annotation/2010_001021.mat
cats_images/2010_003299.jpg,cats_annotation/2010_003299.mat
cats_images/2010_003773.jpg,cats_annotation/2010_003773.mat
cats_images/2010_000442.jpg,cats_annotation/2010_000442.mat
cats_images/2008_003974.jpg,cats_annotation/2008_003974.mat
cats_images/2010_002472.jpg,cats_annotation/2010_002472.mat
cats_images/2010_002602.jpg,cats_annotation/2010_002602.mat
cats_images/2008_007496.jpg,cats_annotation/2008_007496.mat
cats_images/2009_001037.jpg,cats_annotation/2009_001037.mat
cats_images/2008_006068.jpg,cats_annotation/2008_006068.mat
cats_images/2009_001719.jpg,cats_annotation/2009_001719.mat
cats_images/2008_007404.jpg,cats_annotation/2008_007404.mat
cats_images/2008_007472.jpg,cats_annotation/2008_007472.mat
cats_images/2010_005892.jpg,cats_annotation/2010_005892.mat
cats_images/2009_001894.jpg,cats_annotation/2009_001894.mat
cats_images/2010_001787.jpg,cats_annotation/2010_001787.mat
cats_images/2008_005777.jpg,cats_annotation/2008_005777.mat
cats_images/2010_004816.jpg,cats_annotation/2010_004816.mat
cats_images/2010_000001.jpg,cats_annotation/2010_000001.mat
cats_images/2010_006011.jpg,cats_annotation/2010_006011.mat
cats_images/2009_003698.jpg,cats_annotation/2009_003698.mat
cats_images/2009_002470.jpg,cats_annotation/2009_002470.mat
cats_images/2008_005376.jpg,cats_annotation/2008_005376.mat
cats_images/2008_007469.jpg,cats_annotation/2008_007469.mat
cats_images/2010_004175.jpg,cats_annotation/2010_004175.mat
cats_images/2010_002955.jpg,cats_annotation/2010_002955.mat
cats_images/2010_002990.jpg,cats_annotation/2010_002990.mat
cats_images/2010_004157.jpg,cats_annotation/2010_004157.mat
cats_images/2010_002504.jpg,cats_annotation/2010_002504.mat
cats_images/2010_002138.jpg,cats_annotation/2010_002138.mat
cats_images/2009_002228.jpg,cats_annotation/2009_002228.mat
cats_images/2010_005535.jpg,cats_annotation/2010_005535.mat
cats_images/2008_002045.jpg,cats_annotation/2008_002045.mat
cats_images/2010_002909.jpg,cats_annotation/2010_002909.mat
cats_images/2010_003747.jpg,cats_annotation/2010_003747.mat
cats_images/2010_000157.jpg,cats_annotation/2010_000157.mat
cats_images/2010_001195.jpg,cats_annotation/2010_001195.mat
cats_images/2009_004940.jpg,cats_annotation/2009_004940.mat
cats_images/2009_002753.jpg,cats_annotation/2009_002753.mat
cats_images/2008_004688.jpg,cats_annotation/2008_004688.mat
cats_images/2010_000458.jpg,cats_annotation/2010_000458.mat
cats_images/2009_004394.jpg,cats_annotation/2009_004394.mat
cats_images/2008_004933.jpg,cats_annotation/2008_004933.mat
cats_images/2010_001656.jpg,cats_annotation/2010_001656.mat
cats_images/2008_003776.jpg,cats_annotation/2008_003776.mat
cats_images/2008_005088.jpg,cats_annotation/2008_005088.mat
cats_images/2010_002286.jpg,cats_annotation/2010_002286.mat
cats_images/2010_005143.jpg,cats_annotation/2010_005143.mat
cats_images/2009_000002.jpg,cats_annotation/2009_000002.mat
cats_images/2009_004983.jpg,cats_annotation/2009_004983.mat
cats_images/2009_004721.jpg,cats_annotation/2009_004721.mat
cats_images/2009_002592.jpg,cats_annotation/2009_002592.mat
cats_images/2010_002529.jpg,cats_annotation/2010_002529.mat
cats_images/2008_005109.jpg,cats_annotation/2008_005109.mat
cats_images/2010_002553.jpg,cats_annotation/2010_002553.mat
cats_images/2008_006307.jpg,cats_annotation/2008_006307.mat
cats_images/2010_002876.jpg,cats_annotation/2010_002876.mat
cats_images/2008_007736.jpg,cats_annotation/2008_007736.mat
cats_images/2009_002008.jpg,cats_annotation/2009_002008.mat
cats_images/2009_000132.jpg,cats_annotation/2009_000132.mat
cats_images/2009_001419.jpg,cats_annotation/2009_001419.mat
cats_images/2008_002766.jpg,cats_annotation/2008_002766.mat
cats_images/2010_001089.jpg,cats_annotation/2010_001089.mat
cats_images/2010_005647.jpg,cats_annotation/2010_005647.mat
cats_images/2010_000439.jpg,cats_annotation/2010_000439.mat
cats_images/2008_006868.jpg,cats_annotation/2008_006868.mat
cats_images/2010_004197.jpg,cats_annotation/2010_004197.mat
cats_images/2008_003114.jpg,cats_annotation/2008_003114.mat
cats_images/2010_003232.jpg,cats_annotation/2010_003232.mat
cats_images/2009_001502.jpg,cats_annotation/2009_001502.mat
cats_images/2010_003976.jpg,cats_annotation/2010_003976.mat
cats_images/2008_000358.jpg,cats_annotation/2008_000358.mat
cats_images/2010_005128.jpg,cats_annotation/2010_005128.mat
cats_images/2008_005337.jpg,cats_annotation/2008_005337.mat
cats_images/2010_005115.jpg,cats_annotation/2010_005115.mat
cats_images/2010_004415.jpg,cats_annotation/2010_004415.mat
cats_images/2010_004346.jpg,cats_annotation/2010_004346.mat
cats_images/2010_005796.jpg,cats_annotation/2010_005796.mat
cats_images/2010_001402.jpg,cats_annotation/2010_001402.mat
cats_images/2008_004540.jpg,cats_annotation/2008_004540.mat
cats_images/2010_000224.jpg,cats_annotation/2010_000224.mat
cats_images/2010_003551.jpg,cats_annotation/2010_003551.mat
cats_images/2008_000306.jpg,cats_annotation/2008_000306.mat
cats_images/2008_002234.jpg,cats_annotation/2008_002234.mat
cats_images/2009_002673.jpg,cats_annotation/2009_002673.mat
cats_images/2008_003622.jpg,cats_annotation/2008_003622.mat
cats_images/2008_001078.jpg,cats_annotation/2008_001078.mat
cats_images/2010_001457.jpg,cats_annotation/2010_001457.mat
cats_images/2010_000269.jpg,cats_annotation/2010_000269.mat
cats_images/2009_003654.jpg,cats_annotation/2009_003654.mat
cats_images/2010_003435.jpg,cats_annotation/2010_003435.mat
cats_images/2009_001562.jpg,cats_annotation/2009_001562.mat
cats_images/2008_004462.jpg,cats_annotation/2008_004462.mat
cats_images/2010_002626.jpg,cats_annotation/2010_002626.mat
cats_images/2010_000291.jpg,cats_annotation/2010_000291.mat
cats_images/2010_005505.jpg,cats_annotation/2010_005505.mat
cats_images/2010_004646.jpg,cats_annotation/2010_004646.mat
cats_images/2008_007289.jpg,cats_annotation/2008_007289.mat
cats_images/2010_004501.jpg,cats_annotation/2010_004501.mat
cats_images/2008_000116.jpg,cats_annotation/2008_000116.mat
cats_images/2008_006400.jpg,cats_annotation/2008_006400.mat
cats_images/2010_000914.jpg,cats_annotation/2010_000914.mat
cats_images/2010_001544.jpg,cats_annotation/2010_001544.mat
cats_images/2010_001783.jpg,cats_annotation/2010_001783.mat
cats_images/2008_004966.jpg,cats_annotation/2008_004966.mat
cats_images/2009_000964.jpg,cats_annotation/2009_000964.mat
cats_images/2008_003104.jpg,cats_annotation/2008_003104.mat
cats_images/2010_001057.jpg,cats_annotation/2010_001057.mat
cats_images/2009_004382.jpg,cats_annotation/2009_004382.mat
cats_images/2010_002587.jpg,cats_annotation/2010_002587.mat
cats_images/2008_001210.jpg,cats_annotation/2008_001210.mat
cats_images/2009_003415.jpg,cats_annotation/2009_003415.mat
cats_images/2009_002439.jpg,cats_annotation/2009_002439.mat
cats_images/2010_005241.jpg,cats_annotation/2010_005241.mat
cats_images/2010_000683.jpg,cats_annotation/2010_000683.mat
cats_images/2008_002293.jpg,cats_annotation/2008_002293.mat
cats_images/2010_002965.jpg,cats_annotation/2010_002965.mat
cats_images/2008_006843.jpg,cats_annotation/2008_006843.mat
cats_images/2009_000350.jpg,cats_annotation/2009_000350.mat
cats_images/2010_001401.jpg,cats_annotation/2010_001401.mat
cats_images/2009_005236.jpg,cats_annotation/2009_005236.mat
cats_images/2010_001737.jpg,cats_annotation/2010_001737.mat
cats_images/2010_004575.jpg,cats_annotation/2010_004575.mat
cats_images/2010_003106.jpg,cats_annotation/2010_003106.mat
cats_images/2010_002448.jpg,cats_annotation/2010_002448.mat
cats_images/2009_004999.jpg,cats_annotation/2009_004999.mat
cats_images/2010_002485.jpg,cats_annotation/2010_002485.mat
cats_images/2008_003704.jpg,cats_annotation/2008_003704.mat
cats_images/2008_001708.jpg,cats_annotation/2008_001708.mat
cats_images/2009_003013.jpg,cats_annotation/2009_003013.mat
cats_images/2010_005821.jpg,cats_annotation/2010_005821.mat
cats_images/2010_001100.jpg,cats_annotation/2010_001100.mat
cats_images/2009_001260.jpg,cats_annotation/2009_001260.mat
cats_images/2010_005627.jpg,cats_annotation/2010_005627.mat
cats_images/2008_007086.jpg,cats_annotation/2008_007086.mat
cats_images/2009_003867.jpg,cats_annotation/2009_003867.mat
cats_images/2009_002527.jpg,cats_annotation/2009_002527.mat
cats_images/2010_004621.jpg,cats_annotation/2010_004621.mat
cats_images/2008_001640.jpg,cats_annotation/2008_001640.mat
cats_images/2010_005344.jpg,cats_annotation/2010_005344.mat
cats_images/2010_004008.jpg,cats_annotation/2010_004008.mat
cats_images/2010_001291.jpg,cats_annotation/2010_001291.mat
cats_images/2008_005600.jpg,cats_annotation/2008_005600.mat
cats_images/2008_000660.jpg,cats_annotation/2008_000660.mat
cats_images/2010_006025.jpg,cats_annotation/2010_006025.mat
cats_images/2010_001328.jpg,cats_annotation/2010_001328.mat
cats_images/2010_000067.jpg,cats_annotation/2010_000067.mat
cats_images/2010_001794.jpg,cats_annotation/2010_001794.mat
cats_images/2009_000745.jpg,cats_annotation/2009_000745.mat
cats_images/2008_000724.jpg,cats_annotation/2008_000724.mat
cats_images/2008_001741.jpg,cats_annotation/2008_001741.mat
cats_images/2010_002746.jpg,cats_annotation/2010_002746.mat
cats_images/2010_001012.jpg,cats_annotation/2010_001012.mat
cats_images/2010_000175.jpg,cats_annotation/2010_000175.mat
cats_images/2008_002294.jpg,cats_annotation/2008_002294.mat
cats_images/2008_002668.jpg,cats_annotation/2008_002668.mat
cats_images/2010_005508.jpg,cats_annotation/2010_005508.mat
cats_images/2008_003088.jpg,cats_annotation/2008_003088.mat
cats_images/2008_006480.jpg,cats_annotation/2008_006480.mat
cats_images/2010_005935.jpg,cats_annotation/2010_005935.mat
cats_images/2009_000966.jpg,cats_annotation/2009_000966.mat
cats_images/2008_003559.jpg,cats_annotation/2008_003559.mat
cats_images/2010_003291.jpg,cats_annotation/2010_003291.mat
cats_images/2008_004579.jpg,cats_annotation/2008_004579.mat
cats_images/2009_001522.jpg,cats_annotation/2009_001522.mat
cats_images/2008_004119.jpg,cats_annotation/2008_004119.mat
cats_images/2008_007975.jpg,cats_annotation/2008_007975.mat
cats_images/2008_004006.jpg,cats_annotation/2008_004006.mat
cats_images/2009_000438.jpg,cats_annotation/2009_000438.mat
cats_images/2008_007548.jpg,cats_annotation/2008_007548.mat
cats_images/2009_000504.jpg,cats_annotation/2009_000504.mat
cats_images/2008_001836.jpg,cats_annotation/2008_001836.mat
cats_images/2010_003863.jpg,cats_annotation/2010_003863.mat
cats_images/2008_006817.jpg,cats_annotation/2008_006817.mat
cats_images/2009_002961.jpg,cats_annotation/2009_002961.mat
cats_images/2010_001754.jpg,cats_annotation/2010_001754.mat
cats_images/2008_000853.jpg,cats_annotation/2008_000853.mat
cats_images/2010_004425.jpg,cats_annotation/2010_004425.mat
cats_images/2010_005216.jpg,cats_annotation/2010_005216.mat
cats_images/2010_003358.jpg,cats_annotation/2010_003358.mat
cats_images/2010_003974.jpg,cats_annotation/2010_003974.mat
cats_images/2010_001030.jpg,cats_annotation/2010_001030.mat
cats_images/2009_001305.jpg,cats_annotation/2009_001305.mat
cats_images/2009_004705.jpg,cats_annotation/2009_004705.mat
cats_images/2008_007165.jpg,cats_annotation/2008_007165.mat
cats_images/2010_001994.jpg,cats_annotation/2010_001994.mat
cats_images/2009_001153.jpg,cats_annotation/2009_001153.mat
cats_images/2010_000497.jpg,cats_annotation/2010_000497.mat
cats_images/2009_000284.jpg,cats_annotation/2009_000284.mat
cats_images/2010_004760.jpg,cats_annotation/2010_004760.mat
cats_images/2008_004736.jpg,cats_annotation/2008_004736.mat
cats_images/2009_004150.jpg,cats_annotation/2009_004150.mat
cats_images/2010_005482.jpg,cats_annotation/2010_005482.mat
cats_images/2010_005394.jpg,cats_annotation/2010_005394.mat
cats_images/2010_002068.jpg,cats_annotation/2010_002068.mat
cats_images/2008_007353.jpg,cats_annotation/2008_007353.mat
cats_images/2010_004667.jpg,cats_annotation/2010_004667.mat
cats_images/2010_004822.jpg,cats_annotation/2010_004822.mat
cats_images/2010_005208.jpg,cats_annotation/2010_005208.mat
cats_images/2009_000955.jpg,cats_annotation/2009_000955.mat
cats_images/2009_005160.jpg,cats_annotation/2009_005160.mat
cats_images/2010_002723.jpg,cats_annotation/2010_002723.mat
cats_images/2009_005037.jpg,cats_annotation/2009_005037.mat
cats_images/2008_007683.jpg,cats_annotation/2008_007683.mat
cats_images/2008_001592.jpg,cats_annotation/2008_001592.mat
cats_images/2010_003764.jpg,cats_annotation/2010_003764.mat
cats_images/2010_000675.jpg,cats_annotation/2010_000675.mat
cats_images/2008_007913.jpg,cats_annotation/2008_007913.mat
cats_images/2009_004225.jpg,cats_annotation/2009_004225.mat
cats_images/2010_003781.jpg,cats_annotation/2010_003781.mat
cats_images/2010_005735.jpg,cats_annotation/2010_005735.mat
cats_images/2008_003048.jpg,cats_annotation/2008_003048.mat
cats_images/2008_006280.jpg,cats_annotation/2008_006280.mat
cats_images/2009_000716.jpg,cats_annotation/2009_000716.mat
cats_images/2009_003077.jpg,cats_annotation/2009_003077.mat
cats_images/2010_001637.jpg,cats_annotation/2010_001637.mat
cats_images/2010_000218.jpg,cats_annotation/2010_000218.mat
cats_images/2008_006926.jpg,cats_annotation/2008_006926.mat
cats_images/2010_003569.jpg,cats_annotation/2010_003569.mat
cats_images/2008_007702.jpg,cats_annotation/2008_007702.mat
cats_images/2008_000060.jpg,cats_annotation/2008_000060.mat
cats_images/2008_006351.jpg,cats_annotation/2008_006351.mat
cats_images/2008_000824.jpg,cats_annotation/2008_000824.mat
cats_images/2008_006520.jpg,cats_annotation/2008_006520.mat
cats_images/2010_001347.jpg,cats_annotation/2010_001347.mat
non_cats_images/2008_000336.jpg,
non_cats_images/2009_001251.jpg,
non_cats_images/2009_000938.jpg,
non_cats_images/2011_005460.jpg,
non_cats_images/2011_001820.jpg,
non_cats_images/2009_004323.jpg,
non_cats_images/2007_005450.jpg,
non_cats_images/2008_002175.jpg,
non_cats_images/2010_002424.jpg,
non_cats_images/2012_004289.jpg,
non_cats_images/2012_002778.jpg,
non_cats_images/2012_002165.jpg,
non_cats_images/2008_007058.jpg,
non_cats_images/2012_001184.jpg,
non_cats_images/2011_004369.jpg,
non_cats_images/2007_007773.jpg,
non_cats_images/2012_004270.jpg,
non_cats_images/2011_000936.jpg,
non_cats_images/2009_000367.jpg,
non_cats_images/2009_003517.jpg,
non_cats_images/2012_002957.jpg,
non_cats_images/2011_007078.jpg,
non_cats_images/2008_007156.jpg,
non_cats_images/2009_004939.jpg,
non_cats_images/2011_006147.jpg,
non_cats_images/2009_003265.jpg,
non_cats_images/2011_001235.jpg,
non_cats_images/2011_001143.jpg,
non_cats_images/2008_001278.jpg,
non_cats_images/2008_004046.jpg,
non_cats_images/2011_000458.jpg,
non_cats_images/2009_001263.jpg,
non_cats_images/2011_002519.jpg,
non_cats_images/2011_004685.jpg,
non_cats_images/2008_008034.jpg,
non_cats_images/2010_002223.jpg,
non_cats_images/2009_004440.jpg,
non_cats_images/2008_008391.jpg,
non_cats_images/2012_004080.jpg,
non_cats_images/2011_006861.jpg,
non_cats_images/2008_002958.jpg,
non_cats_images/2008_003921.jpg,
non_cats_images/2008_002499.jpg,
non_cats_images/2008_002900.jpg,
non_cats_images/2010_001253.jpg,
non_cats_images/2012_003732.jpg,
non_cats_images/2011_006280.jpg,
non_cats_images/2011_000743.jpg,
non_cats_images/2012_004220.jpg,
non_cats_images/2008_002760.jpg,
non_cats_images/2010_000679.jpg,
non_cats_images/2008_005933.jpg,
non_cats_images/2009_003490.jpg,
non_cats_images/2011_001824.jpg,
non_cats_images/2008_004976.jpg,
non_cats_images/2009_001768.jpg,
non_cats_images/2011_003885.jpg,
non_cats_images/2010_005891.jpg,
non_cats_images/2008_007948.jpg,
non_cats_images/2010_004992.jpg,
non_cats_images/2012_002814.jpg,
non_cats_images/2010_003981.jpg,
non_cats_images/2010_002353.jpg,
non_cats_images/2008_007181.jpg,
non_cats_images/2008_007848.jpg,
non_cats_images/2011_001532.jpg,
non_cats_images/2011_002927.jpg,
non_cats_images/2009_005268.jpg,
non_cats_images/2008_008641.jpg,
non_cats_images/2012_003474.jpg,
non_cats_images/2011_003169.jpg,
non_cats_images/2010_002449.jpg,
non_cats_images/2010_003531.jpg,
non_cats_images/2008_000123.jpg,
non_cats_images/2011_000587.jpg,
non_cats_images/2012_003869.jpg,
non_cats_images/2011_006193.jpg,
non_cats_images/2010_004095.jpg,
non_cats_images/2010_005273.jpg,
non_cats_images/2007_000515.jpg,
non_cats_images/2012_000787.jpg,
non_cats_images/2008_000252.jpg,
non_cats_images/2012_000796.jpg,
non_cats_images/2012_003548.jpg,
non_cats_images/2010_000726.jpg,
non_cats_images/2011_004786.jpg,
non_cats_images/2011_005929.jpg,
non_cats_images/2011_005031.jpg,
non_cats_images/2011_005907.jpg,
non_cats_images/2010_005750.jpg,
non_cats_images/2011_001023.jpg,
non_cats_images/2011_001395.jpg,
non_cats_images/2010_005985.jpg,
non_cats_images/2008_008404.jpg,
non_cats_images/2011_006790.jpg,
non_cats_images/2009_001507.jpg,
non_cats_images/2007_004121.jpg,
non_cats_images/2008_004544.jpg,
non_cats_images/2009_001881.jpg,
non_cats_images/2011_007194.jpg,
non_cats_images/2011_006463.jpg,
non_cats_images/2009_000247.jpg,
non_cats_images/2011_001260.jpg,
non_cats_images/2011_000853.jpg,
non_cats_images/2009_002843.jpg,
non_cats_images/2009_000422.jpg,
non_cats_images/2008_001750.jpg,
non_cats_images/2010_000031.jpg,
non_cats_images/2011_007179.jpg,
non_cats_images/2009_003065.jpg,
non_cats_images/2012_002973.jpg,
non_cats_images/2009_000927.jpg,
non_cats_images/2011_004632.jpg,
non_cats_images/2010_005398.jpg,
non_cats_images/2012_002143.jpg,
non_cats_images/2008_007163.jpg,
non_cats_images/2010_003159.jpg,
non_cats_images/2011_002857.jpg,
non_cats_images/2008_001911.jpg,
non_cats_images/2011_003520.jpg,
non_cats_images/2011_001718.jpg,
non_cats_images/2011_004702.jpg,
non_cats_images/2010_002903.jpg,
non_cats_images/2010_004071.jpg,
non_cats_images/2008_000861.jpg,
non_cats_images/2010_005997.jpg,
non_cats_images/2010_002962.jpg,
non_cats_images/2008_004771.jpg,
non_cats_images/2011_006655.jpg,
non_cats_images/2011_001687.jpg,
non_cats_images/2011_001705.jpg,
non_cats_images/2010_005511.jpg,
non_cats_images/2012_000914.jpg,
non_cats_images/2008_002752.jpg,
non_cats_images/2008_006519.jpg,
non_cats_images/2010_006150.jpg,
non_cats_images/2011_001416.jpg,
non_cats_images/2008_008496.jpg,
non_cats_images/2008_000696.jpg,
non_cats_images/2007_007080.jpg,
non_cats_images/2009_005150.jpg,
non_cats_images/2008_006881.jpg,
non_cats_images/2008_007428.jpg,
non_cats_images/2007_001834.jpg,
non_cats_images/2008_005168.jpg,
non_cats_images/2008_000321.jpg,
non_cats_images/2011_000415.jpg,
non_cats_images/2009_002343.jpg,
non_cats_images/2011_005893.jpg,
non_cats_images/2010_002817.jpg,
non_cats_images/2010_002274.jpg,
non_cats_images/2009_004200.jpg,
non_cats_images/2009_002542.jpg,
non_cats_images/2012_001949.jpg,
non_cats_images/2008_003688.jpg,
non_cats_images/2009_003640.jpg,
non_cats_images/2012_001518.jpg,
non_cats_images/2008_003846.jpg,
non_cats_images/2012_001900.jpg,
non_cats_images/2011_002678.jpg,
non_cats_images/2008_001617.jpg,
non_cats_images/2008_008112.jpg,
non_cats_images/2011_004605.jpg,
non_cats_images/2011_002357.jpg,
non_cats_images/2011_003988.jpg,
non_cats_images/2010_000264.jpg,
non_cats_images/2010_005835.jpg,
non_cats_images/2009_004174.jpg,
non_cats_images/2010_005960.jpg,
non_cats_images/2012_000454.jpg,
non_cats_images/2008_006474.jpg,
non_cats_images/2007_007585.jpg,
non_cats_images/2008_008224.jpg,
non_cats_images/2007_008204.jpg,
non_cats_images/2009_000662.jpg,
non_cats_images/2010_004938.jpg,
non_cats_images/2010_000860.jpg,
non_cats_images/2009_000233.jpg,
non_cats_images/2011_001937.jpg,
non_cats_images/2012_001061.jpg,
non_cats_images/2010_004475.jpg,
non_cats_images/2009_001975.jpg,
non_cats_images/2010_001918.jpg,
non_cats_images/2010_000744.jpg,
non_cats_images/2012_003453.jpg,
non_cats_images/2009_004371.jpg,
non_cats_images/2007_005074.jpg,
non_cats_images/2010_003117.jpg,
non_cats_images/2009_001733.jpg,
non_cats_images/2012_003611.jpg,
non_cats_images/2009_003459.jpg,
non_cats_images/2011_004139.jpg,
non_cats_images/2010_001503.jpg,
non_cats_images/2009_002851.jpg,
non_cats_images/2012_001132.jpg,
non_cats_images/2007_004649.jpg,
non_cats_images/2011_002097.jpg,
non_cats_images/2011_006432.jpg,
non_cats_images/2009_003241.jpg,
non_cats_images/2010_002907.jpg,
non_cats_images/2009_003572.jpg,
non_cats_images/2008_006720.jpg,
non_cats_images/2011_001678.jpg,
non_cats_images/2008_006376.jpg,
non_cats_images/2010_001533.jpg,
non_cats_images/2012_001845.jpg,
non_cats_images/2008_008705.jpg,
non_cats_images/2010_006111.jpg,
non_cats_images/2009_004042.jpg,
non_cats_images/2010_000697.jpg,
non_cats_images/2011_006864.jpg,
non_cats_images/2012_002570.jpg,
non_cats_images/2008_006621.jpg,
non_cats_images/2008_002383.jpg,
non_cats_images/2008_000691.jpg,
non_cats_images/2011_004115.jpg,
non_cats_images/2012_001967.jpg,
non_cats_images/2008_008040.jpg,
non_cats_images/2009_002999.jpg,
non_cats_images/2008_000924.jpg,
non_cats_images/2012_002417.jpg,
non_cats_images/2011_001521.jpg,
non_cats_images/2008_000291.jpg,
non_cats_images/2011_006940.jpg,
non_cats_images/2007_001583.jpg,
non_cats_images/2007_002903.jpg,
non_cats_images/2010_004420.jpg,
non_cats_images/2011_000957.jpg,
non_cats_images/2008_002665.jpg,
non_cats_images/2009_004537.jpg,
non_cats_images/2010_002631.jpg,
non_cats_images/2008_005883.jpg,
non_cats_images/2010_004738.jpg,
non_cats_images/2011_006294.jpg,
non_cats_images/2009_000171.jpg,
non_cats_images/2011_006704.jpg,
non_cats_images/2012_002337.jpg,
non_cats_images/2010_002378.jpg,
non_cats_images/2009_000513.jpg,
non_cats_images/2010_000754.jpg,
non_cats_images/2012_000681.jpg,
non_cats_images/2008_005156.jpg,
non_cats_images/2008_004946.jpg,
non_cats_images/2010_005416.jpg,
non_cats_images/2010_000165.jpg,
non_cats_images/2011_005810.jpg,
non_cats_images/2010_004028.jpg,
non_cats_images/2008_000778.jpg,
non_cats_images/2010_005338.jpg,
non_cats_images/2011_003650.jpg,
non_cats_images/2008_006855.jpg,
non_cats_images/2008_006952.jpg,
non_cats_images/2011_005413.jpg,
non_cats_images/2008_003533.jpg,
non_cats_images/2010_002880.jpg,
non_cats_images/2008_001429.jpg,
non_cats_images/2010_002294.jpg,
non_cats_images/2009_004399.jpg,
non_cats_images/2008_002247.jpg,
non_cats_images/2011_004736.jpg,
non_cats_images/2010_001927.jpg,
non_cats_images/2009_000378.jpg,
non_cats_images/2011_000450.jpg,
non_cats_images/2012_003996.jpg,
non_cats_images/2007_007891.jpg,
non_cats_images/2010_000071.jpg,
non_cats_images/2010_004757.jpg,
non_cats_images/2010_001000.jpg,
non_cats_images/2008_000673.jpg,
non_cats_images/2010_006465.jpg,
non_cats_images/2011_002520.jpg,
non_cats_images/2008_008335.jpg,
non_cats_images/2010_006598.jpg,
non_cats_images/2008_003140.jpg,
non_cats_images/2010_000786.jpg,
non_cats_images/2011_005028.jpg,
non_cats_images/2010_002729.jpg,
non_cats_images/2010_003303.jpg,
non_cats_images/2009_002697.jpg,
non_cats_images/2008_007388.jpg,
non_cats_images/2007_008547.jpg,
non_cats_images/2012_002658.jpg,
non_cats_images/2011_000007.jpg,
non_cats_images/2009_002912.jpg,
non_cats_images/2011_004266.jpg,
non_cats_images/2011_002830.jpg,
non_cats_images/2008_002621.jpg,
non_cats_images/2011_007151.jpg,
non_cats_images/2011_004088.jpg,
non_cats_images/2010_002586.jpg,
non_cats_images/2008_001903.jpg,
non_cats_images/2012_002199.jpg,
non_cats_images/2010_003512.jpg,
non_cats_images/2009_003317.jpg,
non_cats_images/2010_003556.jpg,
non_cats_images/2011_005095.jpg,
non_cats_images/2009_001146.jpg,
non_cats_images/2010_003779.jpg,
non_cats_images/2009_002222.jpg,
non_cats_images/2009_004511.jpg,
non_cats_images/2009_004706.jpg,
non_cats_images/2011_001466.jpg,
non_cats_images/2012_002062.jpg,
non_cats_images/2012_002350.jpg,
non_cats_images/2010_000993.jpg,
non_cats_images/2010_000063.jpg,
non_cats_images/2008_003061.jpg,
non_cats_images/2007_007109.jpg,
non_cats_images/2011_002661.jpg,
non_cats_images/2012_002063.jpg,
non_cats_images/2012_001435.jpg,
non_cats_images/2010_006722.jpg,
non_cats_images/2008_006482.jpg,
non_cats_images/2009_005256.jpg,
non_cats_images/2010_004948.jpg,
non_cats_images/2011_001295.jpg,
non_cats_images/2010_002614.jpg,
non_cats_images/2012_002437.jpg,
non_cats_images/2011_006921.jpg,
non_cats_images/2012_000368.jpg,
non_cats_images/2011_001210.jpg,
non_cats_images/2012_000724.jpg,
non_cats_images/2009_002537.jpg,
non_cats_images/2010_006397.jpg,
non_cats_images/2008_006662.jpg,
non_cats_images/2008_004786.jpg,
non_cats_images/2008_006907.jpg,
non_cats_images/2011_005212.jpg,
non_cats_images/2012_002535.jpg,
non_cats_images/2009_002614.jpg,
non_cats_images/2012_003789.jpg,
non_cats_images/2012_001321.jpg,
non_cats_images/2008_000704.jpg,
non_cats_images/2011_002382.jpg,
non_cats_images/2008_007617.jpg,
non_cats_images/2009_003446.jpg,
non_cats_images/2009_001839.jpg,
non_cats_images/2011_000037.jpg,
non_cats_images/2008_002227.jpg,
non_cats_images/2012_003835.jpg,
non_cats_images/2007_006560.jpg,
non_cats_images/2012_000887.jpg,
non_cats_images/2011_003021.jpg,
non_cats_images/2010_000247.jpg,
non_cats_images/2012_004019.jpg,
non_cats_images/2011_004711.jpg,
non_cats_images/2010_003176.jpg,
non_cats_images/2009_001538.jpg,
non_cats_images/2008_004081.jpg,
non_cats_images/2011_004688.jpg,
non_cats_images/2007_007836.jpg,
non_cats_images/2007_007020.jpg,
non_cats_images/2008_006543.jpg,
non_cats_images/2010_006541.jpg,
non_cats_images/2012_002242.jpg,
non_cats_images/2008_008466.jpg,
non_cats_images/2007_003587.jpg,
non_cats_images/2011_007095.jpg,
non_cats_images/2011_005150.jpg,
non_cats_images/2007_009153.jpg,
non_cats_images/2011_006679.jpg,
non_cats_images/2010_005951.jpg,
non_cats_images/2007_002273.jpg,
non_cats_images/2010_000196.jpg,
non_cats_images/2008_005042.jpg,
non_cats_images/2009_002668.jpg,
non_cats_images/2011_003760.jpg,
non_cats_images/2008_000829.jpg,
non_cats_images/2010_002363.jpg,
non_cats_images/2008_001622.jpg,
non_cats_images/2008_005938.jpg,
non_cats_images/2008_002218.jpg,
non_cats_images/2009_003860.jpg,
non_cats_images/2009_000778.jpg,
non_cats_images/2011_001805.jpg,
non_cats_images/2008_002622.jpg,
non_cats_images/2009_002847.jpg,
non_cats_images/2010_004193.jpg,
non_cats_images/2008_006389.jpg,
non_cats_images/2008_005196.jpg,
non_cats_images/2009_003802.jpg,
non_cats_images/2012_001639.jpg,
non_cats_images/2010_004154.jpg,
non_cats_images/2012_003683.jpg,
non_cats_images/2011_001625.jpg,
non_cats_images/2010_003101.jpg,
non_cats_images/2011_002975.jpg,
non_cats_images/2010_000866.jpg,
non_cats_images/2008_008544.jpg,
non_cats_images/2007_006944.jpg,
non_cats_images/2010_000342.jpg,
non_cats_images/2012_002577.jpg,
non_cats_images/2010_002050.jpg,
non_cats_images/2008_007431.jpg,
non_cats_images/2008_002830.jpg,
non_cats_images/2009_002191.jpg,
non_cats_images/2012_003705.jpg,
non_cats_images/2008_000074.jpg,
non_cats_images/2010_003547.jpg,
non_cats_images/2008_008679.jpg,
non_cats_images/2008_001783.jpg,
non_cats_images/2010_000608.jpg,
non_cats_images/2008_002144.jpg,
non_cats_images/2008_001140.jpg,
non_cats_images/2009_001677.jpg,
non_cats_images/2011_003860.jpg,
non_cats_images/2007_009030.jpg,
non_cats_images/2010_002851.jpg,
non_cats_images/2008_001992.jpg,
non_cats_images/2010_004680.jpg,
non_cats_images/2011_006205.jpg,
non_cats_images/2008_001056.jpg,
non_cats_images/2009_002887.jpg,
non_cats_images/2009_001090.jpg,
non_cats_images/2011_000234.jpg,
non_cats_images/2008_003703.jpg,
non_cats_images/2010_002843.jpg,
non_cats_images/2012_003360.jpg,
non_cats_images/2012_004249.jpg,
non_cats_images/2012_004025.jpg,
non_cats_images/2010_006952.jpg,
non_cats_images/2008_006924.jpg,
non_cats_images/2012_000122.jpg,
non_cats_images/2010_002046.jpg,
non_cats_images/2008_007850.jpg,
non_cats_images/2009_002844.jpg,
non_cats_images/2008_004438.jpg,
non_cats_images/2007_003051.jpg,
non_cats_images/2012_000137.jpg,
non_cats_images/2011_006331.jpg,
non_cats_images/2009_000559.jpg,
non_cats_images/2008_008403.jpg,
non_cats_images/2008_008607.jpg,
non_cats_images/2009_004300.jpg,
non_cats_images/2010_002194.jpg,
non_cats_images/2012_001966.jpg,
non_cats_images/2008_003023.jpg,
non_cats_images/2012_002274.jpg,
non_cats_images/2008_000796.jpg,
non_cats_images/2010_004576.jpg,
non_cats_images/2009_003888.jpg,
non_cats_images/2010_002484.jpg,
non_cats_images/2008_002212.jpg,
non_cats_images/2008_002634.jpg,
non_cats_images/2012_003588.jpg,
non_cats_images/2008_006650.jpg,
non_cats_images/2011_001930.jpg,
non_cats_images/2012_002169.jpg,
non_cats_images/2008_005970.jpg,
non_cats_images/2010_005827.jpg,
non_cats_images/2011_006895.jpg,
non_cats_images/2011_001622.jpg,
non_cats_images/2012_000015.jpg,
non_cats_images/2011_001146.jpg,
non_cats_images/2011_003066.jpg,
non_cats_images/2012_001360.jpg,
non_cats_images/2009_001837.jpg,
non_cats_images/2012_000214.jpg,
non_cats_images/2008_000912.jpg,
non_cats_images/2011_000045.jpg,
non_cats_images/2009_001079.jpg,
non_cats_images/2009_001028.jpg,
non_cats_images/2012_004267.jpg,
non_cats_images/2010_005472.jpg,
non_cats_images/2008_003255.jpg,
non_cats_images/2011_004328.jpg,
non_cats_images/2008_008718.jpg,
non_cats_images/2012_003882.jpg,
non_cats_images/2009_003905.jpg,
non_cats_images/2012_001858.jpg,
non_cats_images/2007_005748.jpg,
non_cats_images/2011_005375.jpg,
non_cats_images/2008_003202.jpg,
non_cats_images/2009_003815.jpg,
non_cats_images/2009_000529.jpg,
non_cats_images/2008_004455.jpg,
non_cats_images/2011_005756.jpg,
non_cats_images/2009_002688.jpg,
non_cats_images/2010_002579.jpg,
non_cats_images/2009_000960.jpg,
non_cats_images/2008_001080.jpg,
non_cats_images/2008_002852.jpg,
non_cats_images/2011_005494.jpg,
non_cats_images/2008_000202.jpg,
non_cats_images/2009_004327.jpg,
non_cats_images/2011_005825.jpg,
non_cats_images/2008_007064.jpg,
non_cats_images/2010_000508.jpg,
non_cats_images/2008_008274.jpg,
non_cats_images/2010_002887.jpg,
non_cats_images/2007_007651.jpg,
non_cats_images/2011_005262.jpg,
non_cats_images/2010_001644.jpg,
non_cats_images/2008_007250.jpg,
non_cats_images/2010_001220.jpg,
non_cats_images/2010_000276.jpg,
non_cats_images/2008_006980.jpg,
non_cats_images/2011_002163.jpg,
non_cats_images/2008_007350.jpg,
non_cats_images/2010_002601.jpg,
non_cats_images/2010_002435.jpg,
non_cats_images/2009_000335.jpg,
non_cats_images/2010_004297.jpg,
non_cats_images/2008_002378.jpg,
non_cats_images/2011_001508.jpg,
non_cats_images/2010_006234.jpg,
non_cats_images/2008_005257.jpg,
non_cats_images/2010_002094.jpg,
non_cats_images/2011_005838.jpg,
non_cats_images/2010_006804.jpg,
non_cats_images/2011_001889.jpg,
non_cats_images/2011_001406.jpg,
non_cats_images/2012_000503.jpg,
non_cats_images/2009_001181.jpg,
non_cats_images/2011_005732.jpg,
non_cats_images/2009_001961.jpg,
non_cats_images/2007_000063.jpg,
non_cats_images/2012_002255.jpg,
non_cats_images/2009_001044.jpg,
non_cats_images/2012_004185.jpg,
non_cats_images/2008_006235.jpg,
non_cats_images/2010_004537.jpg,
non_cats_images/2012_001152.jpg,
non_cats_images/2009_003407.jpg,
non_cats_images/2009_004551.jpg,
non_cats_images/2009_001463.jpg,
non_cats_images/2008_004361.jpg,
non_cats_images/2012_001252.jpg,
non_cats_images/2008_005625.jpg,
non_cats_images/2008_000066.jpg,
non_cats_images/2011_006994.jpg,
non_cats_images/2012_002783.jpg,
non_cats_images/2009_002272.jpg,
non_cats_images/2008_001564.jpg,
non_cats_images/2009_001105.jpg,
non_cats_images/2008_006489.jpg,
non_cats_images/2012_004048.jpg,
non_cats_images/2012_000523.jpg,
non_cats_images/2012_003579.jpg,
non_cats_images/2011_005412.jpg,
non_cats_images/2012_004272.jpg,
non_cats_images/2007_005845.jpg,
non_cats_images/2011_006008.jpg,
non_cats_images/2012_002889.jpg,
non_cats_images/2011_001412.jpg,
non_cats_images/2008_007825.jpg,
non_cats_images/2008_002860.jpg,
non_cats_images/2010_005747.jpg,
non_cats_images/2008_005105.jpg,
non_cats_images/2011_001110.jpg,
non_cats_images/2008_005043.jpg,
non_cats_images/2008_005108.jpg,
non_cats_images/2007_008980.jpg,
non_cats_images/2011_002291.jpg,
non_cats_images/2010_000419.jpg,
non_cats_images/2009_004708.jpg,
non_cats_images/2008_003493.jpg,
non_cats_images/2012_002861.jpg,
non_cats_images/2009_000637.jpg,
non_cats_images/2008_000148.jpg,
non_cats_images/2009_002377.jpg,
non_cats_images/2010_003490.jpg,
non_cats_images/2008_006655.jpg,
non_cats_images/2008_003087.jpg,
non_cats_images/2008_003515.jpg,
non_cats_images/2010_006751.jpg,
non_cats_images/2010_003804.jpg,
non_cats_images/2011_003754.jpg,
non_cats_images/2009_004197.jpg,
non_cats_images/2008_005262.jpg,
non_cats_images/2010_005303.jpg,
non_cats_images/2008_003565.jpg,
non_cats_images/2010_000632.jpg,
non_cats_images/2009_002414.jpg,
non_cats_images/2008_007664.jpg,
non_cats_images/2010_000307.jpg,
non_cats_images/2010_006856.jpg,
non_cats_images/2011_001222.jpg,
non_cats_images/2009_000387.jpg,
non_cats_images/2010_004253.jpg,
non_cats_images/2011_002929.jpg,
non_cats_images/2011_005705.jpg,
non_cats_images/2012_000510.jpg,
non_cats_images/2011_003491.jpg,
non_cats_images/2009_004979.jpg,
non_cats_images/2011_003250.jpg,
non_cats_images/2011_004854.jpg,
non_cats_images/2008_008152.jpg,
non_cats_images/2011_003552.jpg,
non_cats_images/2008_007274.jpg,
non_cats_images/2010_000915.jpg,
non_cats_images/2008_000622.jpg,
non_cats_images/2011_003497.jpg,
non_cats_images/2011_005441.jpg,
non_cats_images/2010_003044.jpg,
non_cats_images/2012_001074.jpg,
non_cats_images/2008_008668.jpg,
non_cats_images/2010_004917.jpg,
non_cats_images/2007_008747.jpg,
non_cats_images/2012_003217.jpg,
non_cats_images/2007_005844.jpg,
non_cats_images/2009_000846.jpg,
non_cats_images/2009_002398.jpg,
non_cats_images/2007_003000.jpg,
non_cats_images/2009_001873.jpg,
non_cats_images/2007_003841.jpg,
non_cats_images/2008_000052.jpg,
non_cats_images/2007_005896.jpg,
non_cats_images/2010_000133.jpg,
non_cats_images/2011_001767.jpg,
non_cats_images/2009_003136.jpg,
non_cats_images/2011_004301.jpg,
non_cats_images/2011_001538.jpg,
non_cats_images/2010_005111.jpg,
non_cats_images/2009_003533.jpg,
non_cats_images/2008_001245.jpg,
non_cats_images/2008_004125.jpg,
non_cats_images/2007_009654.jpg,
non_cats_images/2011_001217.jpg,
non_cats_images/2012_000427.jpg,
non_cats_images/2012_001300.jpg,
non_cats_images/2008_000742.jpg,
non_cats_images/2012_000272.jpg,
non_cats_images/2009_002204.jpg,
non_cats_images/2008_007817.jpg,
non_cats_images/2009_001215.jpg,
non_cats_images/2008_004171.jpg,
non_cats_images/2010_006237.jpg,
non_cats_images/2011_004980.jpg,
non_cats_images/2010_002391.jpg,
non_cats_images/2008_004090.jpg,
non_cats_images/2008_000036.jpg,
non_cats_images/2011_005835.jpg,
non_cats_images/2008_003593.jpg,
non_cats_images/2008_008052.jpg,
non_cats_images/2012_001938.jpg,
non_cats_images/2007_002262.jpg,
non_cats_images/2008_008700.jpg,
non_cats_images/2008_008701.jpg,
non_cats_images/2012_002056.jpg,
non_cats_images/2012_002628.jpg,
non_cats_images/2008_004313.jpg,
non_cats_images/2007_001457.jpg,
non_cats_images/2010_006582.jpg,
non_cats_images/2009_005098.jpg,
non_cats_images/2010_004598.jpg,
non_cats_images/2008_004342.jpg,
non_cats_images/2008_006148.jpg,
non_cats_images/2011_000842.jpg,
non_cats_images/2008_005357.jpg,
non_cats_images/2011_001747.jpg,
non_cats_images/2011_004412.jpg,
non_cats_images/2009_002012.jpg,
non_cats_images/2009_004181.jpg,
non_cats_images/2008_000883.jpg,
non_cats_images/2010_001518.jpg,
non_cats_images/2008_000318.jpg,
non_cats_images/2007_000039.jpg,
non_cats_images/2010_001603.jpg,
non_cats_images/2010_002701.jpg,
non_cats_images/2009_002381.jpg,
non_cats_images/2008_006425.jpg,
non_cats_images/2009_003031.jpg,
non_cats_images/2009_000526.jpg,
non_cats_images/2012_002175.jpg,
non_cats_images/2008_001869.jpg,
non_cats_images/2011_007001.jpg,
non_cats_images/2010_003537.jpg,
non_cats_images/2009_002941.jpg,
non_cats_images/2011_000690.jpg,
non_cats_images/2011_007202.jpg,
non_cats_images/2007_000256.jpg,
non_cats_images/2012_002155.jpg,
non_cats_images/2010_003406.jpg,
non_cats_images/2007_009687.jpg,
non_cats_images/2007_000423.jpg,
non_cats_images/2011_002324.jpg,
non_cats_images/2012_004061.jpg,
non_cats_images/2012_003846.jpg,
non_cats_images/2011_006899.jpg,
non_cats_images/2011_001216.jpg,
non_cats_images/2008_004979.jpg,
non_cats_images/2008_002696.jpg,
non_cats_images/2010_002924.jpg,
non_cats_images/2008_002601.jpg,
non_cats_images/2008_007145.jpg,
non_cats_images/2012_002499.jpg,
non_cats_images/2010_003333.jpg,
non_cats_images/2009_003837.jpg,
non_cats_images/2008_006808.jpg,
non_cats_images/2011_005302.jpg,
non_cats_images/2011_006554.jpg,
non_cats_images/2010_006054.jpg,
non_cats_images/2008_006401.jpg,
non_cats_images/2011_001411.jpg,
non_cats_images/2008_003591.jpg,
non_cats_images/2011_006897.jpg,
non_cats_images/2007_007698.jpg,
non_cats_images/2008_003482.jpg,
non_cats_images/2008_002574.jpg,
non_cats_images/2009_004674.jpg,
non_cats_images/2008_003437.jpg,
non_cats_images/2009_001328.jpg,
non_cats_images/2012_004012.jpg,
non_cats_images/2010_002813.jpg,
non_cats_images/2009_002314.jpg,
non_cats_images/2010_006924.jpg,
non_cats_images/2010_003084.jpg,
non_cats_images/2011_004592.jpg,
non_cats_images/2008_001632.jpg,
non_cats_images/2009_003476.jpg,
non_cats_images/2010_005458.jpg,
non_cats_images/2008_002951.jpg,
non_cats_images/2007_006046.jpg,
non_cats_images/2009_002595.jpg,
non_cats_images/2010_004971.jpg,
non_cats_images/2010_000474.jpg,
non_cats_images/2010_003077.jpg,
non_cats_images/2008_006885.jpg,
non_cats_images/2009_001581.jpg,
non_cats_images/2012_002698.jpg,
non_cats_images/2012_002425.jpg,
non_cats_images/2008_004964.jpg,
non_cats_images/2010_006575.jpg,
non_cats_images/2012_001131.jpg,
non_cats_images/2009_004982.jpg,
non_cats_images/2011_004495.jpg,
non_cats_images/2007_009425.jpg,
non_cats_images/2011_003900.jpg,
non_cats_images/2011_005343.jpg,
non_cats_images/2012_001791.jpg,
non_cats_images/2009_003636.jpg,
non_cats_images/2010_004088.jpg,
non_cats_images/2012_001912.jpg,
non_cats_images/2008_000559.jpg,
non_cats_images/2010_003477.jpg,
non_cats_images/2008_005183.jpg,
non_cats_images/2010_000648.jpg,
non_cats_images/2010_002309.jpg,
non_cats_images/2009_002448.jpg,
non_cats_images/2011_001766.jpg,
non_cats_images/2008_000435.jpg,
non_cats_images/2011_007071.jpg,
non_cats_images/2008_004110.jpg,
non_cats_images/2008_000844.jpg,
non_cats_images/2009_001311.jpg,
non_cats_images/2012_003994.jpg,
non_cats_images/2008_006336.jpg,
non_cats_images/2008_006992.jpg,
non_cats_images/2012_001819.jpg,
non_cats_images/2011_000161.jpg,
non_cats_images/2008_008235.jpg,
non_cats_images/2008_001083.jpg,
non_cats_images/2010_004821.jpg,
non_cats_images/2012_001005.jpg,
non_cats_images/2011_006155.jpg,
non_cats_images/2012_000067.jpg,
non_cats_images/2011_000979.jpg,
non_cats_images/2009_003345.jpg,
non_cats_images/2008_006158.jpg,
non_cats_images/2009_004179.jpg,
non_cats_images/2011_006118.jpg,
non_cats_images/2008_008028.jpg,
non_cats_images/2011_005305.jpg,
non_cats_images/2009_003581.jpg,
non_cats_images/2008_001905.jpg,
non_cats_images/2011_004391.jpg,
non_cats_images/2007_006832.jpg,
non_cats_images/2012_001632.jpg,
non_cats_images/2009_001433.jpg,
non_cats_images/2011_004209.jpg,
non_cats_images/2011_004176.jpg,
non_cats_images/2012_004125.jpg,
non_cats_images/2009_000197.jpg,
non_cats_images/2011_002406.jpg,
non_cats_images/2011_005589.jpg,
non_cats_images/2009_003266.jpg,
non_cats_images/2008_007321.jpg,
non_cats_images/2010_006417.jpg,
non_cats_images/2008_003379.jpg,
non_cats_images/2011_005253.jpg,
non_cats_images/2009_003976.jpg,
non_cats_images/2012_004199.jpg,
non_cats_images/2011_002714.jpg,
non_cats_images/2008_004008.jpg,
non_cats_images/2009_000906.jpg,
non_cats_images/2007_004468.jpg,
non_cats_images/2008_008344.jpg,
non_cats_images/2012_004281.jpg,
non_cats_images/2010_000413.jpg,
non_cats_images/2009_000001.jpg,
non_cats_images/2009_000041.jpg,
non_cats_images/2008_005962.jpg,
non_cats_images/2010_000050.jpg,
non_cats_images/2011_000804.jpg,
non_cats_images/2011_001946.jpg,
non_cats_images/2010_001924.jpg,
non_cats_images/2012_000674.jpg,
non_cats_images/2009_000692.jpg,
non_cats_images/2011_005161.jpg,
non_cats_images/2010_000020.jpg,
non_cats_images/2009_002103.jpg,
non_cats_images/2012_002618.jpg,
non_cats_images/2012_003151.jpg,
non_cats_images/2011_003768.jpg,
non_cats_images/2010_002892.jpg,
non_cats_images/2011_000600.jpg,
non_cats_images/2008_005822.jpg,
non_cats_images/2008_000700.jpg,
non_cats_images/2010_006509.jpg,
non_cats_images/2012_003264.jpg,
non_cats_images/2012_000684.jpg,
non_cats_images/2009_003973.jpg,
non_cats_images/2008_003780.jpg,
non_cats_images/2008_005895.jpg,
non_cats_images/2010_006734.jpg,
non_cats_images/2008_004898.jpg,
non_cats_images/2008_005713.jpg,
non_cats_images/2008_006227.jpg,
non_cats_images/2008_003095.jpg,
non_cats_images/2011_005059.jpg,
non_cats_images/2008_006104.jpg,
non_cats_images/2011_003459.jpg,
non_cats_images/2008_004730.jpg,
non_cats_images/2008_007073.jpg,
non_cats_images/2012_002206.jpg,
non_cats_images/2011_003601.jpg,
non_cats_images/2009_004508.jpg,
non_cats_images/2008_008001.jpg,
non_cats_images/2010_003138.jpg,
non_cats_images/2012_002342.jpg,
non_cats_images/2008_008447.jpg,
non_cats_images/2008_003920.jpg,
non_cats_images/2012_003852.jpg,
non_cats_images/2011_000666.jpg,
non_cats_images/2008_002223.jpg,
non_cats_images/2008_000050.jpg,
non_cats_images/2008_002767.jpg,
non_cats_images/2010_001557.jpg,
non_cats_images/2010_004962.jpg,
non_cats_images/2012_004192.jpg,
non_cats_images/2012_000461.jpg,
non_cats_images/2008_007696.jpg,
non_cats_images/2012_001381.jpg,
non_cats_images/2008_002270.jpg,
non_cats_images/2008_001405.jpg,
non_cats_images/2008_003924.jpg,
non_cats_images/2012_000956.jpg,
non_cats_images/2011_002318.jpg,
non_cats_images/2008_004140.jpg,
non_cats_images/2008_005336.jpg,
non_cats_images/2012_002041.jpg,
non_cats_images/2011_003807.jpg,
non_cats_images/2009_004885.jpg,
non_cats_images/2010_006437.jpg,
non_cats_images/2011_004038.jpg,
non_cats_images/2008_004416.jpg,
non_cats_images/2010_001756.jpg,
non_cats_images/2010_002420.jpg,
non_cats_images/2011_006585.jpg,
non_cats_images/2008_004242.jpg,
non_cats_images/2012_001238.jpg,
non_cats_images/2011_006406.jpg,
non_cats_images/2008_001667.jpg,
non_cats_images/2010_006274.jpg,
non_cats_images/2010_001896.jpg,
non_cats_images/2011_002365.jpg,
non_cats_images/2009_000397.jpg,
non_cats_images/2011_002796.jpg,
non_cats_images/2008_002131.jpg,
non_cats_images/2008_004812.jpg,
non_cats_images/2011_000519.jpg,
non_cats_images/2009_004131.jpg,
non_cats_images/2011_000872.jpg,
non_cats_images/2009_000461.jpg,
non_cats_images/2010_002429.jpg,
non_cats_images/2012_002379.jpg,
non_cats_images/2007_008690.jpg,
non_cats_images/2011_000646.jpg,
non_cats_images/2011_001847.jpg,
non_cats_images/2008_003313.jpg,
non_cats_images/2012_000555.jpg,
non_cats_images/2008_001782.jpg,
non_cats_images/2009_004368.jpg,
non_cats_images/2008_007048.jpg,
non_cats_images/2010_006455.jpg,
non_cats_images/2009_001911.jpg,
non_cats_images/2008_000311.jpg,
non_cats_images/2009_003468.jpg,
non_cats_images/2011_005699.jpg,
non_cats_images/2009_003668.jpg,
non_cats_images/2012_001423.jpg,
non_cats_images/2011_003920.jpg,
non_cats_images/2010_003200.jpg,
non_cats_images/2009_005246.jpg,
non_cats_images/2011_002459.jpg,
non_cats_images/2011_001440.jpg,
non_cats_images/2008_008276.jpg,
non_cats_images/2008_005333.jpg,
non_cats_images/2010_000148.jpg,
non_cats_images/2008_000533.jpg,
non_cats_images/2011_002581.jpg,
non_cats_images/2011_007113.jpg,
non_cats_images/2007_006808.jpg,
non_cats_images/2009_002954.jpg,
non_cats_images/2008_001461.jpg,
non_cats_images/2009_002708.jpg,
non_cats_images/2011_004180.jpg,
non_cats_images/2008_000917.jpg,
non_cats_images/2012_000455.jpg,
non_cats_images/2008_005375.jpg,
non_cats_images/2011_005363.jpg,
non_cats_images/2009_004723.jpg,
non_cats_images/2012_002288.jpg,
non_cats_images/2010_003603.jpg,
non_cats_images/2011_003638.jpg,
non_cats_images/2008_004221.jpg,
non_cats_images/2008_005338.jpg,
non_cats_images/2012_003891.jpg,
non_cats_images/2011_006183.jpg,
non_cats_images/2010_004108.jpg,
non_cats_images/2011_000514.jpg,
non_cats_images/2011_004486.jpg,
non_cats_images/2009_003128.jpg,
non_cats_images/2010_005345.jpg,
non_cats_images/2010_003241.jpg,
non_cats_images/2010_006852.jpg,
non_cats_images/2008_007823.jpg,
non_cats_images/2008_001894.jpg,
non_cats_images/2008_006751.jpg,
non_cats_images/2011_000787.jpg,
non_cats_images/2009_000647.jpg,
non_cats_images/2012_003793.jpg,
non_cats_images/2008_003295.jpg,
non_cats_images/2010_000604.jpg,
non_cats_images/2012_003865.jpg,
non_cats_images/2011_004982.jpg,
non_cats_images/2007_006704.jpg,
non_cats_images/2011_006966.jpg,
non_cats_images/2009_001840.jpg,
non_cats_images/2012_001566.jpg,
non_cats_images/2012_003721.jpg,
non_cats_images/2012_002649.jpg,
non_cats_images/2011_005187.jpg,
non_cats_images/2010_004523.jpg,
non_cats_images/2010_003956.jpg,
non_cats_images/2009_003879.jpg,
non_cats_images/2012_002625.jpg,
non_cats_images/2011_006538.jpg,
non_cats_images/2011_001259.jpg,
non_cats_images/2011_003365.jpg,
non_cats_images/2009_002648.jpg,
non_cats_images/2009_004768.jpg,
non_cats_images/2011_003184.jpg,
non_cats_images/2008_005701.jpg,
non_cats_images/2008_002718.jpg,
non_cats_images/2008_008490.jpg,
non_cats_images/2010_002124.jpg,
non_cats_images/2009_000293.jpg,
non_cats_images/2011_006855.jpg,
non_cats_images/2008_007280.jpg,
non_cats_images/2012_002007.jpg,
non_cats_images/2008_004406.jpg,
non_cats_images/2008_007909.jpg,
non_cats_images/2009_000834.jpg,
non_cats_images/2008_008053.jpg,
non_cats_images/2010_003520.jpg,
non_cats_images/2010_000372.jpg,
non_cats_images/2010_005031.jpg,
non_cats_images/2008_001063.jpg,
non_cats_images/2007_003565.jpg,
non_cats_images/2011_004574.jpg,
non_cats_images/2007_000346.jpg,
non_cats_images/2012_001861.jpg,
non_cats_images/2008_004784.jpg,
non_cats_images/2007_009738.jpg,
non_cats_images/2009_000565.jpg,
non_cats_images/2011_003944.jpg,
non_cats_images/2008_000578.jpg,
non_cats_images/2012_001878.jpg,
non_cats_images/2010_005301.jpg,
non_cats_images/2011_002018.jpg,
non_cats_images/2010_006191.jpg,
non_cats_images/2011_001726.jpg,
non_cats_images/2007_004517.jpg,
non_cats_images/2008_007291.jpg,
non_cats_images/2012_002717.jpg,
non_cats_images/2008_005266.jpg,
non_cats_images/2010_004970.jpg,
non_cats_images/2011_004264.jpg,
non_cats_images/2008_002687.jpg,
non_cats_images/2011_004708.jpg,
non_cats_images/2012_002877.jpg,
non_cats_images/2012_000924.jpg,
non_cats_images/2009_003288.jpg,
non_cats_images/2010_006211.jpg,
non_cats_images/2012_002388.jpg,
non_cats_images/2012_002045.jpg,
non_cats_images/2011_001719.jpg,
non_cats_images/2010_004476.jpg,
non_cats_images/2010_000329.jpg,
non_cats_images/2011_003325.jpg,
non_cats_images/2012_003670.jpg,
non_cats_images/2012_002995.jpg,
non_cats_images/2012_002643.jpg,
non_cats_images/2009_001406.jpg,
non_cats_images/2010_000152.jpg,
non_cats_images/2008_005589.jpg,
non_cats_images/2011_000185.jpg,
non_cats_images/2010_005071.jpg,
non_cats_images/2010_003729.jpg,
non_cats_images/2007_006744.jpg,
non_cats_images/2009_005008.jpg,
non_cats_images/2008_000432.jpg,
non_cats_images/2008_008018.jpg,
non_cats_images/2011_004960.jpg,
non_cats_images/2011_002558.jpg,
non_cats_images/2009_003375.jpg,
non_cats_images/2010_000787.jpg,
non_cats_images/2008_001544.jpg,
non_cats_images/2010_000124.jpg,
non_cats_images/2011_002772.jpg,
non_cats_images/2008_002492.jpg,
non_cats_images/2010_001595.jpg,
non_cats_images/2008_005115.jpg,
non_cats_images/2011_002589.jpg,
non_cats_images/2008_001041.jpg,
non_cats_images/2008_002278.jpg,
non_cats_images/2007_006117.jpg,
non_cats_images/2008_006605.jpg,
non_cats_images/2010_002941.jpg,
non_cats_images/2008_001215.jpg,
non_cats_images/2011_006724.jpg,
non_cats_images/2009_002865.jpg,
non_cats_images/2011_004905.jpg,
non_cats_images/2011_004347.jpg,
non_cats_images/2009_001967.jpg,
non_cats_images/2008_003350.jpg,
non_cats_images/2011_002215.jpg,
non_cats_images/2009_001069.jpg,
non_cats_images/2010_005755.jpg,
non_cats_images/2009_003873.jpg,
non_cats_images/2007_004197.jpg,
non_cats_images/2009_004579.jpg,
non_cats_images/2010_005681.jpg,
non_cats_images/2012_002917.jpg,
non_cats_images/2011_003634.jpg,
non_cats_images/2008_002922.jpg,
non_cats_images/2010_003274.jpg,
non_cats_images/2009_000674.jpg,
non_cats_images/2008_006919.jpg,
non_cats_images/2012_004189.jpg,
non_cats_images/2007_007341.jpg,
non_cats_images/2008_006807.jpg,
non_cats_images/2012_004142.jpg,
non_cats_images/2011_000445.jpg,
non_cats_images/2011_003876.jpg,
non_cats_images/2009_002264.jpg,
non_cats_images/2008_000740.jpg,
non_cats_images/2009_000035.jpg,
non_cats_images/2009_004084.jpg,
non_cats_images/2008_007870.jpg,
non_cats_images/2008_006933.jpg,
non_cats_images/2008_007513.jpg,
non_cats_images/2012_000556.jpg,
non_cats_images/2008_001997.jpg,
non_cats_images/2009_000632.jpg,
non_cats_images/2008_006253.jpg,
non_cats_images/2011_006291.jpg,
non_cats_images/2009_003795.jpg,
non_cats_images/2008_001034.jpg,
non_cats_images/2010_000989.jpg,
non_cats_images/2009_000606.jpg,
non_cats_images/2011_004081.jpg,
non_cats_images/2008_001516.jpg,
non_cats_images/2008_000120.jpg,
non_cats_images/2008_002697.jpg,
non_cats_images/2008_004203.jpg,
non_cats_images/2010_000678.jpg,
non_cats_images/2010_001870.jpg,
non_cats_images/2007_005354.jpg,
non_cats_images/2008_007660.jpg,
non_cats_images/2009_000774.jpg,
non_cats_images/2009_003971.jpg,
non_cats_images/2008_001036.jpg,
non_cats_images/2007_006086.jpg,
non_cats_images/2008_006220.jpg,
non_cats_images/2009_002734.jpg,
non_cats_images/2011_004978.jpg,
non_cats_images/2010_001211.jpg,
non_cats_images/2008_003022.jpg,
non_cats_images/2012_001327.jpg,
non_cats_images/2012_003831.jpg,
non_cats_images/2008_003186.jpg,
non_cats_images/2008_008313.jpg,
non_cats_images/2012_001726.jpg,
non_cats_images/2011_005529.jpg,
non_cats_images/2008_002464.jpg,
non_cats_images/2010_004550.jpg,
non_cats_images/2007_003499.jpg,
non_cats_images/2007_009655.jpg,
non_cats_images/2008_000382.jpg,
non_cats_images/2010_001856.jpg,
non_cats_images/2011_004861.jpg,
non_cats_images/2009_004445.jpg,
non_cats_images/2007_008110.jpg,
non_cats_images/2010_003094.jpg,
non_cats_images/2008_003261.jpg,
non_cats_images/2012_001628.jpg,
non_cats_images/2012_001777.jpg,
non_cats_images/2011_006685.jpg,
non_cats_images/2010_006683.jpg,
non_cats_images/2012_000783.jpg,
non_cats_images/2011_005058.jpg,
non_cats_images/2010_003945.jpg,
non_cats_images/2010_000865.jpg,
non_cats_images/2011_002854.jpg,
non_cats_images/2009_004732.jpg,
non_cats_images/2012_000464.jpg,
non_cats_images/2012_000805.jpg,
non_cats_images/2010_000906.jpg,
non_cats_images/2008_006626.jpg,
non_cats_images/2008_000834.jpg,
non_cats_images/2011_001689.jpg,
non_cats_images/2012_001514.jpg,
non_cats_images/2011_004155.jpg,
non_cats_images/2011_000614.jpg,
non_cats_images/2010_000137.jpg,
non_cats_images/2010_003635.jpg,
non_cats_images/2012_000275.jpg,
non_cats_images/2011_005251.jpg,
non_cats_images/2009_004831.jpg,
non_cats_images/2011_005913.jpg,
non_cats_images/2008_005068.jpg,
non_cats_images/2010_001299.jpg,
non_cats_images/2010_002841.jpg,
non_cats_images/2008_003684.jpg,
non_cats_images/2007_004830.jpg,
non_cats_images/2007_003137.jpg,
non_cats_images/2011_003492.jpg,
non_cats_images/2011_003977.jpg,
non_cats_images/2009_004076.jpg,
non_cats_images/2010_002660.jpg,
non_cats_images/2011_002047.jpg,
non_cats_images/2008_004371.jpg,
non_cats_images/2009_002530.jpg,
non_cats_images/2008_002778.jpg,
non_cats_images/2008_002549.jpg,
non_cats_images/2012_001504.jpg,
non_cats_images/2008_005204.jpg,
non_cats_images/2008_005349.jpg,
non_cats_images/2008_000973.jpg,
non_cats_images/2011_004100.jpg,
non_cats_images/2010_005426.jpg,
non_cats_images/2008_003432.jpg,
non_cats_images/2008_006705.jpg,
non_cats_images/2012_001154.jpg,
non_cats_images/2009_000522.jpg,
non_cats_images/2012_003276.jpg,
non_cats_images/2011_000148.jpg,
non_cats_images/2008_004564.jpg,
non_cats_images/2010_005374.jpg,
non_cats_images/2010_003609.jpg,
non_cats_images/2008_007757.jpg,
non_cats_images/2010_001715.jpg,
non_cats_images/2009_005229.jpg,
non_cats_images/2012_001922.jpg,
non_cats_images/2009_001190.jpg,
non_cats_images/2010_001112.jpg,
non_cats_images/2011_006173.jpg,
non_cats_images/2010_003132.jpg,
non_cats_images/2010_005182.jpg,
non_cats_images/2009_000487.jpg,
non_cats_images/2009_001635.jpg,
non_cats_images/2008_002776.jpg,
non_cats_images/2008_003193.jpg,
non_cats_images/2009_005311.jpg,
non_cats_images/2009_001164.jpg,
non_cats_images/2011_004026.jpg,
non_cats_images/2008_006634.jpg,
non_cats_images/2012_002394.jpg,
non_cats_images/2011_000494.jpg,
non_cats_images/2011_000380.jpg,
non_cats_images/2011_001713.jpg,
non_cats_images/2009_000109.jpg,
non_cats_images/2008_001596.jpg,
non_cats_images/2008_003081.jpg,
